Bird.ID,Sample.ID,Date,Day,Ring.Mark,Colour.Ring,pit.Tag,Site,Nest,Chick-LetterID,Age.code,Age.category,Sex,feather.Size,Wing_mm,Tarsus_mm,Weight_g,Faecal.Sample,Breeding,newRing,Treatment,Notes,EnteredDemOn,Main.sample
KB10.E,KB10.E.D8,17/05/2021,78,NA,,,KB,KB10,E,1,D8,,,,,,NA,NA,N,Probiotic,Didnt produce sample,,NA
KB10.A,KB10.A.D8,17/05/2021,78,TX52552,,,KB,KB10,A,1,D8,NA,FS,26,17.2,14.1,D8,NA,Y,Probiotic,,Y,Main
KB10.B,KB10.B.D8,17/05/2021,78,TX52553,,,KB,KB10,B,1,D8,,,25,17.3,13.8,D8,NA,Y,Probiotic,,Y,Main
KB10.C,KB10.C.D8,17/05/2021,78,TX52554,,,KB,KB10,C,1,D8,,,23,16.3,12.3,D8,NA,Y,Probiotic,,Y,Main
KB10.D,KB10.D.D8,17/05/2021,78,TX52555,,,KB,KB10,D,1,D8,,,25,16.6,13.8,D8,NA,Y,Probiotic,Sample landed on inside of bag,Y,Main
IN8.C,IN8.C.D8,20/05/2021,81,BLUE RIGHT,,,IN,IN8,C,1,D8,,,18,14.8,10.5,D8,NA,N,Control,,,Main
IN8.B,IN8.B.D8,20/05/2021,81,LEFT RED,,,IN,IN8,B,1,D8,NA,FS,17,12.9,10.1,D8,NA,N,Control,,,Main
IN8.A,IN8.A.D8,20/05/2021,81,RED-RIGHT,,,IN,IN8,A,1,D8,NA,FS,18,13.3,9.7,D8,NA,N,Control,,,Main
KB10.M,KB10.M,20/05/2021,81,NZ05874,YT1,0110176A64,KB,KB10,M,6,Adult,M,,76,23.7,18.1,Adult,,N,Probiotic,Forgot to check breeding | correcting this to M from Fe 24/2/2023,,Main
CB26.C,CB26.C.D8,21/05/2021,82,NA,,,CB,CB26,C,1,D8,,,19,,11.8,NA,,N,Control,No sample,,NA
CB26.D,CB26.D.D8,21/05/2021,82,RED RIGHT,,,CB,CB26,D,1,D8,,,20,,12.9,NA,,N,Control,No sample,,NA
CB26.B,CB26.B.D8,21/05/2021,82,TX52570,,,CB,CB26,B,1,D8,,,20,16,11.9,D8,,Y,Control,,,Main
CB26.A,CB26.A.D8,21/05/2021,82,TX52571,,,CB,CB26,A,1,D8,,,21,16.5,,D8,,Y,Control,,,Main
CB62.A,CB62.A.D8,21/05/2021,82,TX52572,,,CB,CB62,A,1,D8,,,21,15.2,11.7,D8,,Y,Probiotic,,,Main
CB62.B,CB62.B.D8,21/05/2021,82,TX52573,,,CB,CB62,B,1,D8,,,26,16.8,14.8,D8,,Y,Probiotic,,,Main
CB62.C,CB62.C.D8,21/05/2021,82,TX52574,,,CB,CB62,C,1,D8,,,25,,14.7,D8,,Y,Probiotic,,,Main
CB62.D,CB62.D.D8,21/05/2021,82,TX52575,,,CB,CB62,D,1,D8,,,22,16,11.5,D8,,Y,Probiotic,,,Main
CB62.E,CB62.E.D8,21/05/2021,82,,,,CB,CB62,E,1,D8,,,,,,NA,,N,Probiotic,NO DATA,,NA
CB62.F,CB62.F.D8,21/05/2021,82,,,,CB,CB62,F,1,D8,,,,,,NA,,N,Probiotic,NO DATA,,NA
KB15.A,KB15.A.D8,21/05/2021,82,GREEN RIGHT,,,KB,KB15,A,1,D8,,FS,19,14.7,11,D8,,N,Probiotic,,,Main
KB15.B,KB15.B.D8,21/05/2021,82,TX52556,,,KB,KB15,B,1,D8,,FS,22,16,11.6,D8,,Y,Probiotic,,,Main
KB15.C,KB15.C.D8,21/05/2021,82,TX52557,,,KB,KB15,C,1,D8,,FS,21,15.9,12.2,D8,,Y,Probiotic,,,Main
KB15.D,KB15.D.D8,21/05/2021,82,TX52558,,,KB,KB15,D,1,D8,,FS,19,15.8,10.9,D8,,Y,Probiotic,Possibly swapped sample bag E,,Main
KB15.E,KB15.E.D8,21/05/2021,82,TX52559,,,KB,KB15,E,1,D8,,FS,17,14.5,9.8,D8,,Y,Probiotic,Possibly swapped sample bag D,,Main
KB15.F,KB15.F.D8,21/05/2021,82,TX52560,,,KB,KB15,F,1,D8,,FS,21,15.5,,D8,,Y,Probiotic,No weight for some reason.,,Main
KB29.B,KB29.B.D8,21/05/2021,82,RED RIGHT,,,KB,KB29,B,1,D8,,,17,14,8.8,D8,,N,Control,,,Main
KB29.A,KB29.A.D8,21/05/2021,82,TX52567,,,KB,KB29,A,1,D8,,,23,16.4,11.2,D8,,Y,Control,,,Main
KB29.C,KB29.C.D8,21/05/2021,82,TX52568,,,KB,KB29,C,1,D8,,,24,16.2,12.1,D8,,Y,Control,,,Main
KB29.D,KB29.D.D8,21/05/2021,82,TX52569,,,KB,KB29,D,1,D8,,,23,,12.9,NA,,Y,Control,"No sample, chick cold.",,NA
KB908.A,KB908.A.D8,21/05/2021,82,TX52561,,,KB,KB908,A,1,D8,,FS,21,15.2,10.1,D8,,Y,Control,,,Main
KB908.B,KB908.B.D8,21/05/2021,82,TX52562,,,KB,KB908,B,1,D8,,FS,27,17.7,13.1,D8,,Y,Control,,,Main
KB908.C,KB908.C.D8,21/05/2021,82,TX52563,,,KB,KB908,C,1,D8,,FS,25,17.1,11.8,D8,,Y,Control,,,Main
KB908.D,KB908.D.D8,21/05/2021,82,TX52564,,,KB,KB908,D,1,D8,,FS,28,17.8,14.3,D8,,Y,Control,,,Main
KB908.E,KB908.E.D8,21/05/2021,82,TX52565,,,KB,KB908,E,1,D8,,FS,28,,14.7,D8,,Y,Control,No tarsus,,Main
KB908.F,KB908.F.D8,21/05/2021,82,TX52566,,,KB,KB908,F,1,D8,,FS,28,17.8,14.5,D8,,Y,Control,,,Main
IN8.B,IN8.B.D10,22/05/2021,83,TX52576,,,IN,IN8,B,1,D10,,,23,,11.4,NA,,Y,Control,Ringed on D10,,NA
IN8.A,IN8.A.D10,22/05/2021,83,TX52577,,,IN,IN8,A,1,D10,,,23,,12.4,NA,,Y,Control,Ringed on D10,,NA
IN8.C,IN8.C.D10,22/05/2021,83,TX52578,,,IN,IN8,C,1,D10,,,23,,13.5,NA,,Y,Control,Ringed on D10,,NA
KB158.A,KB158.A.D8,22/05/2021,83,TX52579,,,KB,KB158,A,1,D8,,,24,16.4,12.7,D8,,Y,Probiotic,,,Main
KB22.E,KB22.E.D8,22/05/2021,83,NA,,,KB,KB22,E,1,D8,,,17,14.1,9.6,D8,,N,Control,,,Main
KB22.A,KB22.A.D8,22/05/2021,83,TX52580,,,KB,KB22,A,1,D8,,,22,16.1,13.2,D8,,Y,Control,,,Main
KB22.B,KB22.B.D8,22/05/2021,83,TX52581,,,KB,KB22,B,1,D8,,,19,15,12.5,D8,,Y,Control,,,Main
KB22.C,KB22.C.D8,22/05/2021,83,TX52582,,,KB,KB22,C,1,D8,,,18,,10.7,D8,,Y,Control,,,Main
KB22.D,KB22.D.D8,22/05/2021,83,TX52583,,,KB,KB22,D,1,D8,,,17,15.1,10.2,D8,,Y,Control,,,Main
KB4.D,KB04.D.D8,23/05/2021,84,RED LEFT,,,KB,KB4,D,1,D8,,,20,,10.7,D8,,N,Probiotic,,,Main
KB4.F,KB04.F.D8,23/05/2021,84,RED RIGHT,,,KB,KB4,F,1,D8,,,15,,8.2,NA,,N,Probiotic,,,Main
KB4.E,KB04.E.D8,23/05/2021,84,TX52584,,,KB,KB4,E,1,D8,,,21,16.4,11.4,NA,,Y,Probiotic,,,Main
KB4.B,KB04.B.D8,23/05/2021,84,TX52585,,,KB,KB4,B,1,D8,,,20,,10.2,D8,,Y,Probiotic,,,Main
KB4.A,KB04.A.D8,23/05/2021,84,TX52586,,,KB,KB4,A,1,D8,,,21,16,10.4,D8,,Y,Probiotic,,,Main
KB4.C,KB04.C.D8,23/05/2021,84,TX52587,,,KB,KB4,C,1,D8,,,18,,9.8,D8,,Y,Probiotic,,,Main
IN8.Fe,IN8.Fe,23/05/2021,84,S842652,WD0,110176213,IN,IN8,Fe,6,Adult,F,,70,21.2,18,Adult,,N,Control,Colour ring removed,,Main
KB10.E,KB10.E.D15,24/05/2021,85,TX52592,,,KB,KB10,E,1,D15,,FM,39,19,14.5,D15,,Y,Probiotic,Tube possibly mislabeled as D8,,Main
KB20.A,KB20.A.D8,24/05/2021,85,TX52588,,,KB,KB20,A,1,D8,,,21,16,12.3,D8,,Y,Probiotic,,,Main
KB20.B,KB20.B.D8,24/05/2021,85,TX52589,,,KB,KB20,B,1,D8,,,20,15.7,11.3,D8,,Y,Probiotic,,,Main
KB20.C,KB20.C.D8,24/05/2021,85,TX52590,,,KB,KB20,C,1,D8,,,22,15.9,12,D8,,Y,Probiotic,,,Main
KB20.D,KB20.D.D8,24/05/2021,85,TX52591,,,KB,KB20,D,1,D8,,,20,16.3,11.5,D8,,Y,Probiotic,,,Main
KB916.B,KB916.B.D8,24/05/2021,85,NA,,,KB,KB916,B,1,D8,,,18,10.3,14.5,NA,,N,Control,,,Main
KB916.A,KB916.A.D8,24/05/2021,85,TX52593,,,KB,KB916,A,1,D8,,,18,10.7,14.8,D8,,Y,Control,,,Main
KB29.Fe,KB29.Fe,24/05/2021,85,TW15303,,011017622B,KB,KB29,Fe,6,Adult,F,,69,20.7,16.9,Adult,,N,Control,,,Main
KB908.Fe,KB908.Fe,24/05/2021,85,S873503,ND8,01101760F6,KB,KB908,Fe,6,Adult,F,,72,19.8,18.1,Adult,,N,Control,"Removed colour ring, A ring stuck.",,Main
KB20.Fe,KB20.Fe,25/05/2021,86,VZ80567,YM3,01105E17F1,KB,KB20,Fe,6,Adult,F,,70,21.2,17.4,Adult,,N,Probiotic,,,Main
KB15.M,KB15.M,26/05/2021,87,TW15318,RB4,,KB,KB15,M,6,Adult,M,,77,21.3,17.7,Adult,,N,Probiotic,,,Main
KB15.Fe,KB15.Fe,26/05/2021,87,TW15330,WM9,110176849,KB,KB15,Fe,6,Adult,F,,74,21,18.2,NA,,N,Probiotic,Escaped before sampling,,NA
KB158.Fe,KB158.Fe,26/05/2021,87,TX52596,,0700EE0397,KB,KB158,Fe,6,Adult,F,,73,20.1,17.6,Adult,,Y,Probiotic,,Y,Main
KB22.Fe,KB22.Fe,26/05/2021,87,TX52595,,0700EDF0A7,KB,KB22,Fe,6,Adult,F,,71,20.3,18.8,Adult,,Y,Control,I think tube is mislabelled. KB22.Fe-tube is labelled with TX52594,Y,Main
KB29.M,KB29.M.1,26/05/2021,87,TX52594,,,KB,KB29,M,6,Adult,M,,75,21.4,18.5,Adult,,Y,Control,Pooped my pants! Pos contaminated.,Y,Alternate
KB29.M,KB29.M.2,26/05/2021,87,TX52594,,,KB,KB29,M,6,Adult,M,,75,21.4,18.5,Adult,,Y,Control,"Alt sample. Tube mislabelled, KB29.M.1-tube is labelled TX52593",Y,Main
CB2.D,CB2.D.D8,27/05/2021,88,NA,NA,NA,CB,CB2,D,1,D8,NA,FS,,,,NA,,N,Control,,,Main
CB2.A,CB2.A.D8,27/05/2021,88,PF91002,NA,NA,CB,CB2,A,1,D8,NA,FS,21,16,11.3,D8,NA,Y,Control,,,Main
CB2.B,CB2.B.D8,27/05/2021,88,PF91003,NA,NA,CB,CB2,B,1,D8,NA,FS,26,18,14,D8,NA,Y,Control,,,Main
CB2.C,CB2.C.D8,27/05/2021,88,PF91004,NA,NA,CB,CB2,C,1,D8,NA,FS,25,18,13.5,D8,NA,Y,Control,,,Main
CB23.A,CB23.A.D8,27/05/2021,88,PF91006,NA,NA,CB,CB23,A,1,D8,NA,FS,21,16.6,13.4,NA,NA,Y,Control,,,Main
CB23.B,CB23.B.D8,27/05/2021,88,PF91007,NA,NA,CB,CB23,B,1,D8,NA,FS,19,,11,NA,NA,Y,Control,Heavy rain so skipped tarsus measurement,Y,Main
CB23.C,CB23.C.D8,27/05/2021,88,PF91008,NA,NA,CB,CB23,C,1,D8,NA,FS,22,,12.2,D8,NA,Y,Control,Heavy rain so skipped tarsus measurement,Y,Main
CB23.D,CB23.D.D8,27/05/2021,88,PF91009,NA,NA,CB,CB23,D,1,D8,NA,FS,22,,13.4,D8,NA,Y,Control,Heavy rain so skipped tarsus measurement,Y,Main
CB39.A,CB39.A.D8,27/05/2021,88,NA,NA,NA,CB,CB39,A,1,D8,NA,FS,16,13.4,10.1,D8,NA,N,Probiotic,Too small to ring.,,Main
CB39.B,CB39.B.D8,27/05/2021,88,PF91005,NA,NA,CB,CB39,B,1,D8,NA,FS,18,14.9,11,D8,NA,Y,Probiotic,,,Main
IN8.B,IN8.B.D15,27/05/2021,88,TX52576,,,IN,IN8,B,1,D15,,FS,39,19,16.2,D15,,N,Control,,,Main
IN8.A,IN8.A.D15,27/05/2021,88,TX52577,,,IN,IN8,A,1,D15,,FS,38,17.8,12.9,D15,,N,Control,,,Main
IN8.C,IN8.C.D15,27/05/2021,88,TX52578,,,IN,IN8,C,1,D15,,FS,39,19.6,16.6,D15,,N,Control,,,Main
KB910.F,KB910.F.D8,27/05/2021,88,PF91001,NA,NA,KB,KB910,F,1,D8,NA,FS,19,14.8,8.1,D8,NA,Y,Control,,,Main
KB910.A,KB910.A.D8,27/05/2021,88,RED RIGHT,NA,NA,KB,KB910,A,1,D8,NA,FS,18,13.5,7.8,D8,NA,N,Control,,,Main
KB910.B,KB910.B.D8,27/05/2021,88,TX52597,NA,NA,KB,KB910,B,1,D8,NA,FS,18,14.5,8.9,D8,NA,Y,Control,,,Main
KB910.C,KB910.C.D8,27/05/2021,88,TX52598,NA,NA,KB,KB910,C,1,D8,NA,FS,19,14.7,11,D8,NA,Y,Control,,,Main
KB910.D,KB910.D.D8,27/05/2021,88,TX52599,NA,NA,KB,KB910,D,1,D8,NA,FS,19,14.7,8.9,D8,NA,Y,Control,,,Main
KB910.E,KB910.E.D8,27/05/2021,88,TX52600,NA,NA,KB,KB910,E,1,D8,NA,FS,18,15,9.4,D8,NA,Y,Control,,,Main
CB26.X-C/D,CB26.X.D15,28/05/2021,89,PF91012,NA,NA,CB,CB26,X-C/D,1,D15,NA,FS,39,19.4,13,D15,NA,Y,Control,"No visible mark, one of 2 unmarked chicks at this nest. Other unmarked chick is dead.",,Main
CB26.B,CB26.B.D15,28/05/2021,89,TX52570,NA,NA,CB,CB26,B,1,D15,,FS,43,19.5,15.7,D15,NA,N,Control,,,Main
CB62.E,CB62.E.D15,28/05/2021,89,PF91013,NA,NA,CB,CB62,E,1,D15,NA,FM,43,19.4,17.3,D15,NA,Y,Probiotic,No D8 data,,Main
CB62.F,CB62.F.D15,28/05/2021,89,PF91014,NA,NA,CB,CB62,F,1,D15,NA,FM,47,21.3,19.5,D15,NA,Y,Probiotic,No D8 data,,Main
CB62.A,CB62.A.D15,28/05/2021,89,TX52572,NA,NA,CB,CB62,A,1,D15,NA,FM,49,18.6,15.5,D15,NA,N,Probiotic,,,Main
CB62.B,CB62.B.D15,28/05/2021,89,TX52573,NA,NA,CB,CB62,B,1,D15,NA,FM,50,21.4,19,D15,NA,N,Probiotic,,,Main
CB62.C,CB62.C.D15,28/05/2021,89,TX52574,NA,NA,CB,CB62,C,1,D15,NA,FM,50,20.8,18.6,D15,NA,N,Probiotic,,,Main
CB62.D,CB62.D.D15,28/05/2021,89,TX52575,NA,NA,CB,CB62,D,1,D15,NA,FM,45,19.4,14.6,D15,NA,N,Probiotic,,,Main
KB15.A,KB15.A.D15,28/05/2021,89,PF91010,NA,NA,KB,KB15,A,1,D15,NA,FS,41,18.7,14.7,D15,NA,Y,Probiotic,,,Main
KB15.B,KB15.B.D15,28/05/2021,89,TX52556,NA,NA,KB,KB15,B,1,D15,,FS,40,18.4,12.6,D15,NA,N,Probiotic,,,Main
KB15.D,KB15.D.D15,28/05/2021,89,TX52558,NA,NA,KB,KB15,D,1,D15,NA,FS,37,18.5,11.1,D15,NA,N,Probiotic,,,Main
KB15.E,KB15.E.D15,28/05/2021,89,TX52559,NA,NA,KB,KB15,E,1,D15,NA,FS,37,18.2,13.3,D15,NA,N,Probiotic,,,Main
KB15.F,KB15.F.D15,28/05/2021,89,TX52560,NA,NA,KB,KB15,F,1,D15,NA,FS,40,18.3,14.1,D15,NA,N,Probiotic,,,Main
KB29.B,KB29.B.D15,28/05/2021,89,PF91011,NA,NA,KB,KB29,B,1,D15,NA,FS,43,19.8,16.6,D15,NA,Y,Control,,,Main
KB29.A,KB29.A.D15,28/05/2021,89,TX52567,NA,NA,KB,KB29,A,1,D15,NA,FM,48,21.1,17.9,D15,NA,N,Control,,,Main
KB29.C,KB29.C.D15,28/05/2021,89,TX52568,NA,NA,KB,KB29,C,1,D15,NA,FM,49,20.5,18.7,D15,NA,N,Control,,,Main
KB29.D,KB29.D.D15,28/05/2021,89,TX52569,NA,NA,KB,KB29,D,1,D15,NA,FM,50,20.9,18.1,D15,NA,N,Control,,,Main
KB908.A,KB908.A.D15,28/05/2021,89,TX52561,NA,NA,KB,KB908,A,1,D15,NA,FM,43,18.7,16.3,D15,NA,N,Control,,,Main
KB908.B,KB908.B.D15,28/05/2021,89,TX52562,NA,NA,KB,KB908,B,1,D15,NA,FM,49,19.8,15.5,D15,NA,N,Control,Pooped on my hand so pos contaminated,,Main
KB908.C,KB908.C.D15,28/05/2021,89,TX52563,NA,NA,KB,KB908,C,1,D15,NA,FM,48,19.9,17.6,D15,NA,N,Control,,,Main
KB908.D,KB908.D.D15,28/05/2021,89,TX52564,NA,NA,KB,KB908,D,1,D15,NA,FM,51,20.2,17.9,D15,NA,N,Control,,,Main
KB908.E,KB908.E.D15,28/05/2021,89,TX52565,NA,NA,KB,KB908,E,1,D15,NA,FM,51,19.3,18.2,D15,NA,N,Control,,,Main
KB908.F,KB908.F.D15,28/05/2021,89,TX52566,NA,NA,KB,KB908,F,1,D15,NA,FM,52,21,19.5,D15,NA,N,Control,,,Main
KB916.Fe,KB916.Fe,28/05/2021,89,TW15053,RU1,0700EDBBBE,KB,KB916,Fe,6,Adult,F,NA,74,21,18.7,Adult,BP4,N,Control,,,Main
CB26.Fe,CB26.Fe,29/05/2021,90,PF91020,NA,,CB,CB26,Fe,5,Adult,F,NA,68,20.5,17.6,Adult,BP4,Y,Control,,Y,Main
CB26.M,CB26.M,29/05/2021,90,PF91021,NA,,CB,CB26,M,6,Adult,M,NA,76,21.1,19.4,Adult,CP,Y,Control,Used same sampling apparatus as CB26.Fe but samples were separate on sampling tray so contamination unlikely.,Y,Main
CB62.M,CB62.M,29/05/2021,90,PF91019,NA,,CB,CB62,M,6,Adult,M,NA,77,20.2,17.4,Adult,CP,Y,Probiotic,,Y,Main
CB62.Fe,CB62.Fe,29/05/2021,90,PF91022,NA,,CB,CB62,Fe,6,Adult,F,NA,75,20.4,18.6,Adult,BP4,Y,Probiotic,,Y,Main
KB158.A,KB158.A.D15,29/05/2021,90,TX52579,NA,NA,KB,KB158,A,1,D15,NA,FM,39,19.4,16.6,D15,NA,N,Probiotic,,,Main
KB22.E,KB22.E.D15,29/05/2021,90,PF91018,NA,NA,KB,KB22,E,1,D15,NA,FS,44,19.6,17.7,D15,NA,Y,Control,,,Main
KB22.A,KB22.A.D15,29/05/2021,90,TX52580,NA,NA,KB,KB22,A,1,D15,NA,FM,51,21,20.7,D15,NA,N,Control,,,Main
KB22.B,KB22.B.D15,29/05/2021,90,TX52581,NA,NA,KB,KB22,B,1,D15,NA,FM,49,20.3,19.3,D15,NA,N,Control,,,Main
KB22.C,KB22.C.D15,29/05/2021,90,TX52582,NA,NA,KB,KB22,C,1,D15,NA,FS,32,NA,12,D15,NA,N,Control,Damaged leg,,Main
KB22.D,KB22.D.D15,29/05/2021,90,TX52583,NA,NA,KB,KB22,D,1,D15,NA,FM,42,20.8,16.2,D15,NA,N,Control,,,Main
KB25.D,KB25.D.D8,29/05/2021,90,NA,NA,NA,KB,KB25,D,1,D8,NA,FS,16,13.4,10.3,NA,NA,N,Probiotic,No sample,,NA
KB25.A,KB25.A.D8,29/05/2021,90,PF91015,NA,NA,KB,KB25,A,1,D8,NA,FS,19,15,11.5,D8,NA,Y,Probiotic,Landed on my hand- possibly contaminated.,,Main
KB25.B,KB25.B.D8,29/05/2021,90,PF91016,NA,NA,KB,KB25,B,1,D8,NA,FS,17,14.8,11.7,D8,NA,Y,Probiotic,,,Main
KB25.C,KB25.C.D8,29/05/2021,90,PF91017,NA,NA,KB,KB25,C,1,D8,NA,FS,22,17,12.7,D8,NA,Y,Probiotic,,,Main
CB2.Fe,CB2.Fe,30/05/2021,91,NZ05643,GU0,0700EDED32,CB,CB2,Fe,6,Adult,F,,75,19.7,18.4,Adult,BP4,N,Control,,,Main
CB2.M,CB2.M,30/05/2021,91,PF91033,NA,0110176C2E,CB,CB2,M,6,Adult,M,,72,21.1,17.9,Adult,CP,Y,Control,,Y,Main
CB56.A,CB56.A.D8,30/05/2021,91,PF91029,,,CB,CB56,A,1,D8,NA,FS,21,15.7,12.2,D8,,Y,Probiotic,,,Main
CB56.C,CB56.C.D8,30/05/2021,91,PF91030,,,CB,CB56,C,1,D8,NA,FS,21,14.8,12.8,D8,,Y,Probiotic,,,Main
CB56.B,CB56.B.D8,30/05/2021,91,PF91031,,,CB,CB56,B,1,D8,NA,FS,19,15.3,11.8,D8,,Y,Probiotic,,,Main
CB56.D,CB56.D.D8,30/05/2021,91,PF91032,,,CB,CB56,D,1,D8,NA,FS,20,15.1,12,NA,,Y,Probiotic,No sample,,NA
DW27.A,DW27.A.D8,30/05/2021,91,PF91034,,,DW,DW27,A,1,D8,NA,FS,21,15.5,12.1,D8,,Y,Control,,Y,Main
DW27.B,DW27.B.D8,30/05/2021,91,PF91035,,,DW,DW27,B,1,D8,NA,FS,20,15.9,12.1,D8,,Y,Control,,Y,Main
DW27.C,DW27.C.D8,30/05/2021,91,PF91036,,,DW,DW27,C,1,D8,NA,FS,22,16.5,12.1,D8,,Y,Control,,Y,Main
DW27.D,DW27.D.D8,30/05/2021,91,PF91037,,,DW,DW27,D,1,D8,NA,FS,24,16.8,12.9,NA,,Y,Control,No sample,Y,NA
IN1.A,IN1.A.D8,30/05/2021,91,PF91023,NA,,IN,IN1,A,1,D8,NA,FS,19,16,12.1,D8,NA,Y,Probiotic,,,Main
IN1.B,IN1.B.D8,30/05/2021,91,PF91024,NA,,IN,IN1,B,1,D8,NA,FS,20,17,12.5,D8,NA,Y,Probiotic,,,Main
IN1.C,IN1.C.D8,30/05/2021,91,PF91025,NA,,IN,IN1,C,1,D8,NA,FS,21,15.8,12.2,D8,NA,Y,Probiotic,,,Main
IN1.D,IN1.D.D8,30/05/2021,91,PF91026,NA,,IN,IN1,D,1,D8,NA,FS,19,15.1,10.4,D8,NA,Y,Probiotic,,,Main
IN22.A,IN22.A.D8,30/05/2021,91,PF91027,,,IN,IN22,A,1,D8,NA,FS,19,18.1,16.3,D8,NA,Y,Control,,,Main
IN22.B,IN22.B.D8,30/05/2021,91,PF91028,,,IN,IN22,B,1,D8,NA,FS,23,15.5,11.6,D8,NA,Y,Control,,,Main
IN22.C,IN22.C.D8,30/05/2021,91,UNR,,,IN,IN22,C,1,D8,NA,FS,16,NA,9.1,NA,NA,N,Control,No sample,,NA
KB910.Fe,KB910.Fe,30/05/2021,91,TW15317,WN3,110175151,KB,KB910,Fe,6,Adult,F,NA,72,20.4,18.3,Adult,BP4,N,Control,,,Main
CB23.Fe,CB23.Fe,31/05/2021,92,PF91038,,0700EE12C6,CB,CB23,Fe,6,Adult,F,,71,17.1,20.1,Adult,BP4,Y,Control,,Y,Main
CB39.Fe,CB39.Fe,31/05/2021,92,VZ80761,YB8,110176968,CB,CB39,Fe,6,Adult,F,,73,20.2,,Adult,BP4,N,Probiotic,Dont appear to have taken weight,,Main
KB20.A,KB20.A.D15,31/05/2021,92,TX52588,,,KB,KB20,A,1,D15,,FM,50,19.9,17.8,D15,,N,Probiotic,,,Main
KB20.B,KB20.B.D15,31/05/2021,92,TX52589,,,KB,KB20,B,1,D15,,FM,49,20.5,17.3,D15,,N,Probiotic,,,Main
KB20.C,KB20.C.D15,31/05/2021,92,TX52590,,,KB,KB20,C,1,D15,,FM,51,20.8,18.4,D15,,N,Probiotic,,,Main
KB20.D,KB20.D.D15,31/05/2021,92,TX52591,,,KB,KB20,D,1,D15,,FM,51,20,18,D15,,N,Probiotic,,,Main
KB916.A,KB916.A.D15,31/05/2021,92,TX52593,,,KB,KB916,A,1,D15,,FS,35,18.1,13.2,D15,,N,Control,Originally entered on here as 'B' chick but when ringed was 'designated 'A' chick. Tube could be mislabelled.,,Main
IN25.Fe,IN25.Fe,01/06/2021,93,PF91044,,0700EDA926,IN,IN25,Fe,6,Adult,,,71,19.9,18.6,Adult,BP4,Y,Probiotic,,Y,Main
DW15.D,DW15.D.D8,01/06/2021,93,BLUE RIGHT,,,DW,DW15,D,1,D8,,FS,14,NA,9.1,D8,,N,Probiotic,,,Main
DW15.A,DW15.A.D8,01/06/2021,93,PF91039,,,DW,DW15,A,1,D8,,FS,16,13.5,9.7,D8,,Y,Probiotic,,,Main
DW15.E,DW15.E.D8,01/06/2021,93,PF91040,,,DW,DW15,E,1,D8,,FS,14,13.3,8.7,D8,,Y,Probiotic,,,Main
DW15.B,DW15.B.D8,01/06/2021,93,PF91041,,,DW,DW15,B,1,D8,,FS,14,13.4,9.3,D8,,Y,Probiotic,,,Main
DW15.C,DW15.C.D8,01/06/2021,93,PF91042,,,DW,DW15,C,1,D8,,FS,14,12.7,8.8,D8,,Y,Probiotic,,,Main
DW15.F,DW15.F.D8,01/06/2021,93,PF91043,,,DW,DW15,F,1,D8,,FS,13,12.2,8.3,NA,,Y,Probiotic,No sample,,NA
IN25.A,IN25.A.D8,02/06/2021,94,PF91045,,,IN,IN25,A,1,D8,,FS,31,18.3,14.2,D8,,Y,Probiotic,,,Main
IN25.B,IN25.B.D8,02/06/2021,94,PF91046,,,IN,IN25,B,1,D8,,FS,29,18.3,14.5,D8,,Y,Probiotic,,,Main
CB56.M,CB56.M,03/06/2021,95,PF91048,,0110175BF6,CB,CB56,M,6,Adult,M,,74,20,17.2,NA,CP,Y,Probiotic,No sample,Y,NA
CB56.Fe,CB56.Fe,03/06/2021,95,PF91049,,0700EDEF67,CB,CB56,Fe,6,Adult,F,,74,19.7,17.2,Adult,BP4,Y,Probiotic,,Y,Main
IN1.Fe,IN1.Fe,03/06/2021,95,PF91050,,110176790,IN,IN1,Fe,6,Adult,F,,71,20.1,18.3,Adult,BP4,Y,Probiotic,,Y,Main
CB2.A,CB2.A.D15,03/06/2021,95,PF91002,,,CB,CB2,A,1,D15,,FM,,,14.8,D15,,N,Control,Cant hear wing length or tarsus clearly on voice memo. Wing is 40-something and tarssus 19.x,,Main
CB2.B,CB2.B.D15,03/06/2021,95,PF91003,,,CB,CB2,B,1,D15,,FM,50,20.3,16.4,D15,,N,Control,,,Main
CB2.C,CB2.C.D15,03/06/2021,95,PF91004,,,CB,CB2,C,1,D15,,FM,51,20.2,16.8,D15,,N,Control,"Potentially contaminated somehow, sample landed on hand",,Main
CB2.D,CB2.D.D15,03/06/2021,95,PF91047,,,CB,CB2,D,1,D15,,FS,51,18.7,14.2,D15,,Y,Control,,,Main
CB23.A,CB23.A.D15,03/06/2021,95,PF91006,,,CB,CB23,A,1,D15,,FM,50,20,19,D15,,N,Control,,,Main
CB23.B,CB23.B.D15,03/06/2021,95,PF91007,,,CB,CB23,B,1,D15,,FM,47,19.3,18.1,D15,,N,Control,,,Main
CB23.C,CB23.C.D15,03/06/2021,95,PF91008,,,CB,CB23,C,1,D15,,FM,48,19.4,17.7,D15,,N,Control,,,Main
CB23.D,CB23.D.D15,03/06/2021,95,PF91009,,,CB,CB23,D,1,D15,,FM,48,20,18.1,D15,,N,Control,,,Main
DW15.M,DW15.M,04/06/2021,96,PF91051,,0700EE06D1,DW,DW15,M,6,Adult,M,,75,20.3,18,Adult,CP,Y,Probiotic,,Y,Main
DW15.Fe,DW15.Fe.1,04/06/2021,96,PF91052,,0700EDAD45,DW,DW15,Fe,6,Adult,F,,73,20,17.5,Adult,BP4,Y,Probiotic,,Y,Main
DW15.Fe,DW15.Fe.2,04/06/2021,96,PF91052,,0700EDAD45,DW,DW15,Fe,6,Adult,F,,73,20,17.5,Adult,BP4,Y,Probiotic,"Landed on inside of bag, pos contaminated.",Y,Alternate
IN22.Fe,IN22.Fe,04/06/2021,96,PF91057,,110176258,IN,IN22,Fe,6,Adult,F,,74,20.3,17.7,Adult,BP4,Y,Control,,Y,Main
KB151.A,KB151.A.D8,04/06/2021,96,PF91053,,,KB,KB151,A,1,D8,,FS,37,19.5,16.5,D8,,Y,Control,Dropped catching bag on sample so posn contaminated.,,Main
KB151.B,KB151.B.D8,04/06/2021,96,PF91054,,,KB,KB151,B,1,D8,,FS,33,18,15.5,D8,,Y,Control,,,Main
KB151.C,KB151.C.D8,04/06/2021,96,PF91055,,,KB,KB151,C,1,D8,,FS,45,19.7,16.3,D8,,Y,Control,,,Main
KB151.D,KB151.D.D8,04/06/2021,96,PF91056,,,KB,KB151,D,1,D8,,FS,44,19.1,16,D8,,Y,Control,Touched inside of sample bag.,,Main
KB151.D,KB151.D.D8.alt,04/06/2021,96,PF91056,,,KB,KB151,D,1,D8,,FS,44,19.1,16,D8,,Y,Control,Sample came out of bird bag with '53 but I think the sample belongs to '56 based on faeces visbile in birds' bowels.,,Alternate
DW27.Fe,DW27.Fe,05/06/2021,97,PF91059,,110176981,DW,DW27,Fe,5,Adult,F,,73,21.5,16.8,Adult,BP4,Y,Control,1OGC,Y,Main
DW27.M,DW27.M,05/06/2021,97,PF91060,,0700EDD497,DW,DW27,M,6,Adult,M,,73,20.7,16.7,Adult,CP,Y,Control,Escaped but pooped on my shirt.,Y,Main
KB25.A,KB25.A.D15,05/06/2021,97,PF91015,,,KB,KB25,A,1,D15,,FM,48,19.9,16.4,D15,,N,Probiotic,,,Main
KB25.B,KB25.B.D15,05/06/2021,97,PF91016,,,KB,KB25,B,1,D15,,FS,47,21,17.7,D15,,N,Probiotic,,,Main
KB25.C,KB25.C.D15,05/06/2021,97,PF91017,,,KB,KB25,C,1,D15,,FM,50,21.3,16.9,D15,,N,Probiotic,,,Main
KB25.D,KB25.D.D15,05/06/2021,97,PF91058,,,KB,KB25,D,1,D15,,FS,46,20.5,17.6,D15,,N,Probiotic,,,Main
DW11.B,DW11.B.D8,06/06/2021,98,PF91063,,,DW,DW11,B,1,D8,,FS,22,15.5,11.4,D8,,Y,Control,,,Main
DW11.A,DW11.A.D8,06/06/2021,98,PF91064,,,DW,DW11,A,1,D8,,FS,18,15,10,D8,,Y,Control,,,Main
DW11.D,DW11.D.D8,06/06/2021,98,PF91065,,,DW,DW11,D,1,D8,,FS,22,16.2,13.3,D8,,Y,Control,,,Main
DW11.C,DW11.C.D8,06/06/2021,98,PF91066,,,DW,DW11,C,1,D8,,FS,21,16.2,11.7,D8,,Y,Control,,,Main
DW27.A,DW27.A.D15,06/06/2021,98,PF91034,,,DW,DW27,A,1,D15,,FM,49,19.1,13.3,D15,,N,Control,,,Main
DW27.B,DW27.B.D15,06/06/2021,98,PF91035,,,DW,DW27,B,1,D15,,FM,44,19.5,14.5,D15,,N,Control,,,Main
DW27.C,DW27.C.D15,06/06/2021,98,PF91036,,,DW,DW27,C,1,D15,,FM,44,20.3,14.7,D15,,N,Control,,,Main
DW27.D,DW27.D.D15,06/06/2021,98,PF91037,,,DW,DW27,D,1,D15,,FM,49,20.1,15.5,D15,,N,Control,,,Main
IN1.A,IN1.A.D15,06/06/2021,98,PF91023,,,IN,IN1,A,1,D15,,FM,44,19.8,14.7,D15,,N,Probiotic,,,Main
IN1.B,IN1.B.D15,06/06/2021,98,PF91024,,,IN,IN1,B,1,D15,,FM,46,21.3,17.5,D15,,N,Probiotic,,,Main
IN1.C,IN1.C.D15,06/06/2021,98,PF91025,,,IN,IN1,C,1,D15,,FM,46,21.1,16.6,D15,,N,Probiotic,,,Main
IN1.D,IN1.D.D15,06/06/2021,98,PF91026,,,IN,IN1,D,1,D15,,FM,44,19.5,15.1,D15,,N,Probiotic,,,Main
IN22.A,IN22.A.D15,06/06/2021,98,PF91027,,,IN,IN22,A,1,D15,,FM,55,20.7,21,D15,,N,Control,,,Main
IN22.B,IN22.B.D15,06/06/2021,98,PF91028,,,IN,IN22,B,1,D15,,FM,49,19.4,15.2,D15,,N,Control,,,Main
IN22.C,IN22.C.D15,06/06/2021,98,PF91061,,,IN,IN22,C,1,D15,,FS,40,18.6,15.5,D15,,Y,Control,,,Main
KB25.Fe,KB25.Fe,06/06/2021,98,PF91062,,,KB,KB25,Fe,6,Adult,F,,73,20.7,17,Adult,BP4,Y,Probiotic,Missed original trapping day by mistake so trapped late. No pit tag because didn’t use VC.,Y,Main
KB151.M,KB151.M,07/06/2021,99,PF91067,,110176776,KB,KB151,M,6,Adult,,,74,20.6,18.3,Adult,CP,Y,Control,,Y,Main
CB56.A,CB56.A.D15,07/06/2021,99,PF91029,,,CB,CB56,A,1,D15,,FM,53,20.1,19.5,D15,,N,Probiotic,,,Main
CB56.C,CB56.C.D15,07/06/2021,99,PF91030,,,CB,CB56,C,1,D15,,FM,51,19.3,19.1,D15,,N,Probiotic,,,Main
CB56.B,CB56.B.D15,07/06/2021,99,PF91031,,,CB,CB56,B,1,D15,,FM,51,20.9,19.8,D15,,N,Probiotic,,,Main
CB56.D,CB56.D.D15,07/06/2021,99,PF91032,,,CB,CB56,D,1,D15,,FM,51,19.9,17.5,D15,,N,Probiotic,,,Main
CB56.D,CB56.D.D15.alt,07/06/2021,99,PF91032,,,CB,CB56,D,1,D15,,FM,51,19.9,17.5,D15,,N,Probiotic,Pooped on hand so contaminated,,Alternate
DW15.A,DW15.A.D15,08/06/2021,100,PF91039,,,DW,DW15,A,1,D15,,FS,35,17.9,14.4,D15,,N,Probiotic,,,Main
DW15.E,DW15.E.D15,08/06/2021,100,PF91040,,,DW,DW15,E,1,D15,,FS,24,16.5,8.3,NA,,N,Probiotic,NO SAMPLE,,NA
DW15.B,DW15.B.D15,08/06/2021,100,PF91041,,,DW,DW15,B,1,D15,,FS,36,19.4,15.6,D15,,N,Probiotic,,,Main
DW15.C,DW15.C.D15,08/06/2021,100,PF91042,,,DW,DW15,C,1,D15,,FS,37,18.5,14.9,D15,,N,Probiotic,,,Main
DW15.D,DW15.D.D15,08/06/2021,100,PF91071,,,DW,DW15,D,1,D15,,FS,34,18.2,14.9,D15,,Y,Probiotic,,,Main
DW49.A,DW49.A.D8,08/06/2021,100,PF91068,,,DW,DW49,A,1,D8,,FS,23,16.1,11.5,D8,,Y,Probiotic,,,Main
DW49.B,DW49.B.D8,08/06/2021,100,PF91069,,,DW,DW49,B,1,D8,,FS,24,16.8,12.5,D8,,Y,Probiotic,,,Main
DW49.C,DW49.C.D8,08/06/2021,100,PF91070,,,DW,DW49,C,1,D8,,FS,22,17.2,11.4,D8,,Y,Probiotic,,,Main
DW11.Fe,DW11.Fe,09/06/2021,101,PF91072,, 0700ED91AF,DW,DW11,Fe,6,Adult,F,,74,20.2,17.6,Adult,BP4,Y,Control,,Y,Main
IN25.A,IN25.A.D15,09/06/2021,101,PF91045,,,IN,IN25,A,1,D15,,,,,,D15,,N,Probiotic,Chick flew from nest after sampling and I didn’t get morphometric data.,,Main
IN25.B,IN25.B.D15,09/06/2021,101,PF91046,,,IN,IN25,B,1,D15,,FL,54,20.1,18.2,D15,,N,Probiotic,,,Main
DW49.Fe,DW49.Fe,11/06/2021,102,PF91073,,0700EE4000,DW,DW49,Fe,6,Adult,F,,74,18.8,20.9,Adult,BP4,Y,Probiotic,Sample got on inside of sampling bag so pos contaminated.,Y,Main
KB151.A,KB151.A.D15,11/06/2021,102,PF91053,,,KB,KB151,A,1,D15,,FL,57,20.6,18.9,D15,,N,Control,,,Main
KB151.B,KB151.B.D15,11/06/2021,102,PF91054,,,KB,KB151,B,1,D15,,FL,55,20.1,17.8,D15,,N,Control,,,Main
KB151.C,KB151.C.D15,11/06/2021,102,PF91055,,,KB,KB151,C,1,D15,,FL,57,21,17.7,D15,,N,Control,,,Main
KB151.D,KB151.D.D15,11/06/2021,102,PF91056,,,KB,KB151,D,1,D15,,FL,58,20.7,17.9,D15,,N,Control,,,Main
DW11.B,DW11.B.D15,13/06/2021,,PF91063,,,DW,DW11,B,1,D15,,FS,44,20.3,14.5,D15,,N,Control,,,Main
DW11.A,DW11.A.D15,13/06/2021,,PF91064,,,DW,DW11,A,1,D15,,FS,44,19.7,15.3,D15,,N,Control,,,Main
DW11.D,DW11.D.D15,13/06/2021,,PF91065,,,DW,DW11,D,1,D15,,FM,50,21.3,18.3,D15,,N,Control,,,Main
DW11.C,DW11.C.D15,13/06/2021,,PF91066,,,DW,DW11,C,1,D15,,FM,47,19.9,16.5,D15,,N,Control,,,Main
DW49.A,DW49.A.D15,15/06/2021,106,PF91068,,,DW,DW49,A,1,D15,,FM,50,19.4,18.2,D15,,N,Probiotic,,,Main
DW49.B,DW49.B.D15,15/06/2021,106,PF91069,,,DW,DW49,B,1,D15,,FM,51,19.7,18.4,D15,,N,Probiotic,,,Main
DW49.C,DW49.C.D15,15/06/2021,106,PF91070,,,DW,DW49,C,1,D15,,FM,51,20.6,18,D15,,N,Probiotic,,,Main
DW46.A,DW46.A.D8,19/06/2021,111,PF91074,,,DW,DW46,A,1,D8,,FS,28,18.3,14,D8,NA,Y,Control,,,Main
DW46.E,DW46.E.D8,19/06/2021,111,PF91075,,,DW,DW46,E,1,D8,,FS,24,16.1,11.2,NA,NA,Y,Control,,,Main
DW46.C,DW46.C.D8,19/06/2021,111,PF91076,,,DW,DW46,C,1,D8,,FS,27,17.1,11.5,NA,NA,Y,Control,,,Main
DW46.B,DW46.B.D8,19/06/2021,111,PF91077,,,DW,DW46,B,1,D8,,FS,25,16.8,12.2,D8,NA,Y,Control,,,Main
DW46.D,DW46.D.D8,19/06/2021,111,PF91078,,,DW,DW46,D,1,D8,,FS,25,17,11.7,NA,NA,Y,Control,,,Main
DW46.M,DW46.M,23/06/2021,115,PF91079,,0700EDC14E,DW,DW46,M,6,Adult,M,NA,77,20.5,17.5,Adult,CP,Y,Control,,Y,Main
DW46.M,DW46.M.alt,23/06/2021,115,PF91079,,0700EDC14E,DW,DW46,M,6,Adult,M,NA,77,20.5,17.5,Adult,CP,N,Control,This sample touched hand and outside of sample bag so pos contam.,,Alternate
DW46.A,DW46.A.D15,26/06/2021,,PF91074,,,DW,DW46,A,1,D15,,FM,50,20,17,D15,NA,N,Control,,,Main
DW46.E,DW46.E.D15,26/06/2021,,PF91075,,,DW,DW46,E,1,D15,,FM,46,19.5,15.8,D15,NA,N,Control,,,Main
DW46.C,DW46.C.D15,26/06/2021,,PF91076,,,DW,DW46,C,1,D15,,FM,47,19.1,14.9,D15,NA,N,Control,,,Main
DW46.D,DW46.D.D15,26/06/2021,,PF91078,,,DW,DW46,D,1,D15,,FM,46,19.7,15.1,D15,NA,N,Control,,,Main
DW8.B,DW8.B.D8,27/06/2021,119,BLUE-RIGHT,,,DW,DW8,B,1,D8,NA,FS,18,14,8.4,D8,NA,N,Probiotic,,,Main
DW8.A,DW8.A.D8,27/06/2021,119,PF91080,,,DW,DW8,A,1,D8,NA,FS,22,18.2,12.8,D8,NA,Y,Probiotic,,,Main
DW8.C,DW8.C.D8,27/06/2021,119,PF91081,,,DW,DW8,C,1,D8,NA,FS,22,16.3,10.9,D8,NA,Y,Probiotic,,,Main
DW8.E,DW8.E.D8,27/06/2021,119,PF91082,,,DW,DW8,E,1,D8,NA,FS,26,17.3,13,D8,NA,Y,Probiotic,,,Main
DW8.D,DW8.D.D8,27/06/2021,119,PF91083,,,DW,DW8,D,1,D8,NA,FS,28,17.5,13.7,D8,NA,Y,Probiotic,,,Main
DW138.A,DW138.A.D8,28/06/2021,,UNR,,,DW,DW138,A,1,D8,NA,FS,14,11.8,7.3,D8,NA,N,Control,,,Main
DW8.Fe,DW8.Fe,30/06/2021,122,PF91084,,01101762EB,DW,DW8,Fe,6,Adult,F,NA,72,21.2,17.6,Adult,BP4,Y,Probiotic,,Y,Main
DW138.Fe,DW138.Fe,01/07/2021,123,PF91085,,0700EDDD35,DW,DW138,Fe,6,Adult,F,NA,70,19.7,16.9,Adult,BP4,Y,Control,,Y,Main
DW8.A,DW8.A.D15,04/07/2021,126,PF91080,,,DW,DW8,A,1,D15,NA,FM,52,22,17.2,D15,NA,N,Probiotic,,,Main
DW8.C,DW8.C.D15,04/07/2021,126,PF91081,,,DW,DW8,C,1,D15,NA,FM,49,21.3,16,D15,NA,N,Probiotic,,,Main
DW8.E,DW8.E.D15,04/07/2021,126,PF91082,,,DW,DW8,E,1,D15,NA,FM,51,21.2,16.5,D15,NA,N,Probiotic,,,Main
DW8.D,DW8.D.D15,04/07/2021,126,PF91083,,,DW,DW8,D,1,D15,NA,FM,53,21.2,17,D15,NA,N,Probiotic,,,Main
DW8.B,DW8.B.D15,04/07/2021,126,PF91086,,,DW,DW8,B,1,D15,NA,FS,44,21.4,14.4,D15,NA,Y,Probiotic,,,Main