FinalAudit,site,boxNumber,nestAttempt,Species,currentNestStatus,dateLastChecked,comments,firstEggLayDate,lastEggLayDate,lastEggLayDateCertainty1/0,eggWeight,numberEggsWeighed,weighDate,accidentalBreakage,finalClutchSize,IncubationConfirmed,incubationStartDate,checkHatchingDate,actualHatchDate,hatchCertainty1/0,numberEggsNotViable,faecalSample_Day-8,faecalSample_Day-15,BroodSize.D8,BroodSize.D15,expectedAdultTrappingDate,actualMaleTrappingDate,actualFemaleTrappingDate,trappingStatusTU/TN,numberTrapAttemptsM,maleID,maleColourRing,pitIDM,numberTrapAttemptsF,femaleID,femaleColourRing,pitIDF,expectedPullusRingingDate,actualPullusRingingDate,totalPullusRinged,numberPullusNotRinged,numberFledged,numberDeadPreRinged,preRingedDeadID,numberDeadPostRinged,postRingedDeadID,dateNestCleaned,site+boxNumber,44,45,46,47,48,49,50,51,52,53,54,55,56,57,58,59,60,61,62,63,64,65,66,67,68,69,70,71,72,73,74,75,76,77,78,79,80,81,82,83,84,85,86,87,88,89,90,91,92,93,94,95,96,97,98,99,100,101,102,103,104,105,106,107,108,109,110,111,112,113,114,115,116,117,118,119,120,121,122,123,124,125,126,127,128,129,130,131,132,133,134,135,136,137,138,139,140,141,142,143,144,145,146,147,148,149,150,151,152,153,154,155,156,157,158,159,160,
,CB,1,,,Nest collected,#REF!,,,,,,,,,,,,,,,,,,,,,,,,,,,,,,,,,,,,,,,,,,CB1,,,,,,,,,N0,,,,,,,N0,,,,,,N0,,,,N0,,,,,N0,,,,,,,,,N0,,,,,,,,,,,,,,,N0,,,,,,,,,,,,,,,,,,,,,,,,,,,,,,,,,,,,,,,,,,,,,,,,,,,,,,,,,,,,,,,
,CB,2,1,GRETI,,#REF!,,64,67,0,3.6,2,65,0,4,1,68,80,80,1,0,88,95,4,4,91,91,91,,1,PF91033,,0110176C2E,1,NZ05643,GU0,0700EDED32,94,88,4,0,4,0,,,,158,CB2,,,N4,,,,,,N5,,,,,,,N5,,,,,,EN2/EW3.6(2)/NP/CO,,,,EN4/FP/FX/TS/NDX/GRETI,,,,,,,,,gave MWs,MWY-took MWs,YN3/EN1/FP/GRETI/CONTROL,YN4/FP/GRETI,"control, not all MWs taken, swapped to small pot",YN4 control,control,control,control,control,,control,control,,control,control/retrieved VC1102(SD-c3),CONTROL,FS,,,,,,,,,,,,,,,,,,,,,,,,,,,,,,,,,,,,,,,,,,,,,,,,,,,,,,,,,,,,,,,,,,
,CB,3,,,,#REF!,"Tree fallen, moved nearby 15/4",,,,,,,,,,,,,,,,,,,,,,,,,,,,,,,,,,,,,,,,158,CB3,,,N0,,,,,,NC,,,,,,,N3,,,,,,N5,,,,N5,,,,,N5,,,,,,,,,N5,,,,,,,,,,,,,,,N5,,,,,,,,,,,,,,,,,,,,,,,,,,,,,,,,,,,,,,,,,,,,,,,,,,,,,,,,,,,,,,,
,CB,4,,,,#REF!,,,,,,,,,,,,,,,,,,,,,,,,,,,,,,,,,,,,,,,,,,CB4,,,N2,,,,,,N2,,,,,,,N2,,,,,,N2,,,,N0,,,,,N0,,,,,,,,,,N0,,,,,,,,,,,,,,N0,,,,,,,,,,,,,,,,,,,,,,,,,,,,,,,,,,,,,,,,,,,,,,,,,,,,,,,,,,,,,,,
,CB,5,,,,#REF!,,,,,,,,,,,,,,,,,,,,,,,,,,,,,,,,,,,,,,,,,158,CB5,,,NC,,,,,,N4,,,,,,,N5,,,N5,,,N5,,,,N5,,,,,N5,,,,,,,,,N5,,,,,,,,,,,,,,,N5,,,,,,,,,,,,,,,,,,,,,,,,,,,,,,,,,,,,,,,,,,,,,,,,,,,,,,,,,,,,,,,
,CB,6,,,,#REF!,,,,,,,,,,,,,,,,,,,,,,,,,,,,,,,,,,,,,,,,,158,CB6,,,N0,,,,,,N0,,,,,,,N0,,,,,,N4,,,,N5,,,,,,,,,,,,,,N5,,,,,,,,,,,,,,,N5,,,,,,,,,,,,,,,,,,,,,,,,,,,,,,,,,,,,,,,,,,,,,,,,,,,,,,,,,,,,,,,
,CB,7,,,,#REF!,,59,,,1.1,1,59,,,,,,,,,,,,,,,,,,,,,,,,,,,,,,1,,,,158,CB7,,,N2,,,,,,N4,,,,,,,EN1/EW1.1(1)/CO/NP,,,EN4/NP/CO,,,EN7/NP/CO,,,,EN8/NP/LW,,,,,,,,,,,,,,,,,,,,,,,,,,,,,,,,,,,,,,,,,,,,,,,,,,,,,,,,,,,,,,,,,,,,,,,,,,,,,,,,,,,,,,,,,,,,
,CB,14,,,,#REF!,,,,,,,,,,,,,,,,,,,,,,,,,,,,,,,,,,,,,,,,,158,CB14,,,N5,,,,,,N5,,,,,,,N5,,,,,,N5,,,,N5,,,,,N3,,,,,,,,,N3,,,,,,,,,,,,,,,N3,,,,,,,,,,,,,,,,,,,,,,,,,,,,,,,,,,,,,,,,,,,,,,,,,,,,,,,,,,,,,,,
,CB,15,,,,#REF!,,,,,,,,,,,,,,,,,,,,,,,,,,,,,,,,,,,,,,,,,,CB15,,,N1,,,,,,N1,,,,,,,N1,,,,,,N1,,,,NC,,,,,NC,,,,,,,,,NC,,,,,,,,,,,,,,,NC-OLD,,,,,,,,,,,,,,,,,,,,,,,,,,,,,,,,,,,,,,,,,,,,,,,,,,,,,,,,,,,,,,,
,CB,17,,,,#REF!,,,,,,,,,,,,,,,,,,,,,,,,,,,,,,,,,,,,,,,,,158,CB17,,,N0,,,,,,NC,,,,,,,NC,,,,,,N0,,,,NC,,,,,NC,,,,,,,,,N3,,,,,,,,,,,,,,,"N1, FACEPLATE FALLEN",,,,,,,,,,,,,,,,,,,,,,,,,,,,,,,,,,,,,,,,,,,,,,,,,,,,,,,,,,,,,,,
,CB,18,1,GRETI,,#REF!,,57,61,,4.4,3,59,,,1,66,78,,,5,,,,,,,,,,,,,,,,,,,,,,,,,,158,CB18,,,NC,,,,,,N2,,,,,,,EN3/EW4.4(3)/CO/NP,,,EN5/NP/CO,,,EN5/NP/CO,,,,EN5/TS/GRETI,,,,,,"Gave MWs, big pot",MWs not taken,MWX,EN5/FA/GRETI/MWX,EN5/NP/CO/MWX,EN5/NP/CO/MWX,EN5/NP/CO/MWX,,,,,,,,,,,,,,,,,,,,,,,,,,,,,,,,,,,,,,,,,,,,,,,,,,,,,,,,,,,,,,,,,,,,,,,,,,,,,,,,
,CB,19,1,GRETI,,#REF!,,88,94,0,5.4,4,102,0,7,0,93,105,106,1,3,114,121,0,0,117,,,,,,,,,,,,120,,0,4,0,4,"A, B, C, D",0,,158,CB19,,,N2,,,,,,N1,,,,,,,N2,,,,,,N2,,,,N2,,,,,N2,,,,,,,,,,N2,,,,,,,,,,,,,,EN7/WA/FP/GRETI,,,,EN7/EW5.4(4)/NP/WA/gave small pot,MWY,,EN7/WA/NP/MWY,YN2/DY1/EN4/NP/probiotic,YN2/EN4/NP/PROBIOTIC,"YN3/EN3/MWX/probiotic chicks barely alive, broke up MWs in case too large",DY3/EN3/MWX/NP,,,,,,,,,,,,,,,,,,,,,,,,,,,,,,,,,,,,,,,,,,,,,,,,,,,,
,CB,23,1,GRETI,,#REF!,"Fallen, replaced 15/4. Needs fixing.",61,64,0,6.9,4,65,0,4,1,66,78,80,1,0,88,95,4,4,91,,92,,1,,,,1,PF91038,,0700EE12C6,94,88,4,0,4,0,,,,158,CB23,,,N0,,,,,,N1,,,,,,,N4,,,,,,EN4/EW6.9(4)/NP/CO,,,,EN?/TS/NDX/GRETI,,,,,"Gave MWs, small pot",MWs taken,MWs taken,MWs taken,,EN4/FL/GRETI/MWY,YN4/FA/GRETI control,control,control,control,control,control,,control,,control,control,control,control+FS female,control,control,control+FS,,,,,,,,,,,,,,,,,,,,,,,,,,,,,,,,,,,,,,,,,,,,,,,,,,,,,,,,,,,,,,,,,,
,CB,26,1,GRETI,,#REF!,,54,59,0,6,4,59,,6,1,60,72,74,1,0,82,89,4,2,85,90,90,,,PF91021,,,,PF91020,,,88,"82, 89",3,1,2,3,"C/D?, E,F ",1,TX52571,158,CB26,,,N1,,,,,,N4,,,,,,,EN6/EW6(4)/CO/NP,,,EN?/TS/ND/GRETI,,,FP/GRETI,,,,,,,EN5/FP/ND,"EN5/FP. MWs not taken, moved to face.",YN5/EN1 0.1G Trehalose+50 MWs,YN6,Gave control,control,control,control,control,control,YN4 control,control,control,control YN4,control,,control,YN2/DY2+FS,FS/control,,,,,,,,,,,,,,,,,,,,,,,,,,,,,,,,,,,,,,,,,,,,,,,,,,,,,,,,,,,,,,,,,,,,,,,
,CB,28,,,,#REF!,Cant find.,,,,,,,,,,,,,,,,,,,,,,,,,,,,,,,,,,,,,,,,,CB28,,,,,,,,,,,,,,,,,,,,,,,,,,,,,,,,,,,,,,,,,,,,,,,,,,,,,,,,,,,,,,,,,,,,,,,,,,,,,,,,,,,,,,,,,,,,,,,,,,,,,,,,,,,,,,,,,,,,,,
,CB,29,,,,#REF!,,,,,,,,,,,,,,,,,,,,,,,,,,,,,,,,,,,,,,,,,158,CB29,,,NC,,,,,,NC,,,,,,,NC,,,,,,NC,,,,NC,,,,,N0,,,,,,,,,N0,,,,,,,,,,,,,,,N0,,,,,,,,,,,,,,,,,,,,,,,,,,,,,,,,,,,,,,,,,,,,,,,,,,,,,,,,,,,,,,,
,CB,30,,,,#REF!,,,,,,,,,,,,,,,,,,,,,,,,,,,,,,,,,,,,,,,,,158,CB30,,,N0,,,,,,N2,,,,,,,N5,,,,,,N5,,,,N4,,,,,N4,,,,,,,,,N5,,,,,,,,,,,,,,,N5,,,,,,,,,,,,,,,,,,,,,,,,,,,,,,,,,,,,,,,,,,,,,,,,,,,,,,,,,,,,,,,
,CB,31,1,BLUTI,,#REF!,,,,,3.55,3,21/4/21,,,1,54,66,,,,,,,,,,,,,,,,,,,,,,,,,2,,,,158,CB31,,,N3,,,,,,EN3/EW3.55(3)/CO/NP,,,,,,,EN5/WA/NP,,,,,,EN5/WA/NP,,,,,,,,,YN4/BLUTI,,,,,,,,,,,,,,,,,,,,,,,,,,,,,,,,,,,,,,,,,,,,,,,,,,,,,,,,,,,,,,,,,,,,,,,,,,,,,,,,,,,,,,,
,CB,39,1,GRETI,,#REF!,,68,69,,3.7,2,65,,2,1,62,74,80,1,0,88,95,2,1,91,,92,,,,,,,VZ80761,YB8,,94,88,1,1,0,1,A,1,PF91005,158,CB39,,,N3,,,,,,N5,,,,,,,N5,,,,,,EN2/3.7(2)/FA/GRETI,,,,EN2/NP/LW,,EN2/FP/SB20+/LW/ND/GRETI,EN2/FP/FA/WA/GRETI,,,,,,,,YN2/probiotic small pot,YN2,probiotic,Probiotic MWY,probiotic,probiotic,probiotic,probiotic,,probiotic YN2/FL,probiotic,probiotic,YN1/DY1(PF91005)/probiotic/FS female/VC1134,probiotic,DY1(unr)+retrieved VC1134,,,,,,,,,,,,,,,,,,,,,,,,,,,,,,,,,,,,,,,,,,,,,,,,,,,,,,,,,,,,,,,,,,,
,CB,41,,,,#REF!,,,,,,,,,,,,,,,,,,,,,,,,,,,,,,,,,,,,,,,,,,CB41,,,N2,,,,,,N3,,,,,,,N4,,,,,,N3,,,,N0,,,,,N0,,,,,,,,,N0,,,,,,,,,,,,,,,N0,,,,,,,,,,,,,,,,,,,,,,,,,,,,,,,,,,,,,,,,,,,,,,,,,,,,,,,,,,,,,,,
,CB,44,,,,#REF!,Closer to waypt. O24 than CB44.,,,,,,,,,,,,,,,,,,,,,,,,,,,,,,,,,,,,,,,,158,CB44,,,N2,,,,,,N5,,,,,,,N5,,,,,,N5,,,,N5,,,,,N5,,,,,,,,,N5,,,,,,,,,,,,,,,N5-COBWEB,,,,,,,,,,,,,,,,,,,,,,,,,,,,,,,,,,,,,,,,,,,,,,,,,,,,,,,,,,,,,,,
,CB,45,1,GRETI,,#REF!,,,,,5.2,3,69,,,1,78,90,,,3,,,,,,,,,,,,,,,,,,,,,0,,,,,158,CB45,,,N2,,,,,,N4,,,,,,,N5,,,,,,N5,,,,EN3/EW5.2(3)/NP/CO,,,,,EN3/TS/GRETI,EN3/FP/FL/WA,EN3/NP/CO,EN3/NP/CO,EN3/TS/GRETI,EN3/TS/FL/GRETI/WA,,EN3/NP/CO,,,,,gave small pot,,,MWX,EN3/NP/CO/MWX,,,EN3/NP/CO,,,,,,,,,,,,,,,,,,,,,,,,,,,,,,,,,,,,,,,,,,,,,,,,,,,,,,,,,,,,,,,,,,,,
,CB,48,,,,#REF!,,,,,4,3,74,,,,,,,,,,,,,,,,,,,,,,,,,,,,,,,,,,158,CB48,,,N0,,,,,,N0,,,,,,,NC,,,,,,NC,,,,N2,,,,,EN3/EW4(3)/NP/CO,,,,,,,,,EN7/EW5(4)/WA,,,,,,,,,,,,,,,,,,,,,,,,,,,,,,,,,,,,,,,,,,,,,,,,,,,,,,,,,,,,,,,,,,,,,,,,,,,,,,
,CB,49,,,,#REF!,,,,,,,,,,,,,,,,,,,,,,,,,,,,,,,,,,,,,,,,,158,CB49,,,N0,,,,,,N0,,,,,,,N0,,,,,,N0,,,,N0,,,,,N0,,,,,,,,,N2,,,,,,,,,,,,,,,N2,,,,,,,,,,,,,,,,,,,,,,,,,,,,,,,,,,,,,,,,,,,,,,,,,,,,,,,,,,,,,,,
,CB,50,1,BLUTI,,#REF!,,,,,4.7,4,28/4/21,,8,1,64,76,78,1,,,,,,88,,,,,,,,,,,,92,,,,,,,,,158,CB50,,,N4,,,,,,N5,,,,,,,EN4/EW4.7(4)/CO/NP,,,EN7/NP/CO,,,EN8/NP/WA,,,,,,MWs given,Mws not taken,"MWs not taken, moved to face",MWs not taken,MWs not taken,MWs not taken,,YN5+/EN1?/BLUTI,,,,,,,,,,,,,,,,,,,,,,,,,,,,,,,,,,,,,,,,,,,,,,,,,,,,,,,,,,,,,,,,,,,,,,,,,,,,,,,,,,,
,CB,52,1,BLUTI,,#REF!,,59,,,1.2,1,28/4/21,,,,,,,,,,,,,,,,,,,,,,,,,,,,,,,,,,158,CB52,,,N2,,,,,,N5,,,,,,,EN1/EW1.2(1)/CO/NP,,,,,,FP/BLUTI,,,,EN5/FA/SB15/BLUTI,,,,,,,,,,,,,,,,,,,,,,,,,,,,,,,,,,,,,,,,,,,,,,,,,,,,,,,,,,,,,,,,,,,,,,,,,,,,,,,,,,,,,,,,,,,,
,CB,53,1,GRETI,,#REF!,,,,,6.8,4,83,,5,1,80,92,,,5,,,,,,,,,,,,,,,,,,,,,0,,,,,158,CB53,,,NC,,,,,,NC,,,,,,,N3,,,,,,N4,,,,N4,,,,,N4,,,,,,,,,EN5/6.8(4)WA/GRETI,,,,,gave small pot,MWX,MWX,NP/CO/MWX,EN5/NP/CO/MWX,NP/CO,,,,,,,,,,,,,,,,,,,,,,,,,,,,,,,,,,,,,,,,,,,,,,,,,,,,,,,,,,,,,,,,,,,,
,CB,54,1,BLUTI,,#REF!,,,,,4.6,4,65,,,,,,,,,,,,,,,,,,,,,,,,,,,,,,,,,,158,CB54,,,N3,,,,,,N5,,,,,,,N5,,,,,,EN6/EW4.6(4)/NP/CO,,,,FP/BLUTI,,,,,,,,,,,,,,,,,,,,,,,,,,,,,,,,,,,,,,,,,,,,,,,,,,,,,,,,,,,,,,,,,,,,,,,,,,,,,,,,,,,,,,,,,,,,
,CB,56,1,GRETI,,#REF!,,65,69,1,7.2,4,69,0,6,1,70,82,84,1,0,92,99,4,4,95,95,95,,,PF91048,,0110175BF6,,PF91049,,0700EDEF67,98,91,4,2,3,2,"E, F",1,PF91032,158,CB56,,,N2,,,,,,N2,,,,,,,N2,,,,,,EN1/EW1.8(1)/NP/CO,,,,EN5/NP/EW7.2(4)/LW,,EN5/FP/SB20+LW/GRETI,,EN5/NP/WA,,,,,"gave MWs, small pot",,MWY,MWY,EN5/FP/GRETI/MWY,EN5/TS/MWY,YN4/EN1/FP probiotic,YN5/FP/GRETI probiotic,YN6/MWX/probiotic,MWX(some MWs left over)/probiotic,,FP/YN3+/MWX gave some live plain MWs to encourage feeding,FP/MWY/PROBIOTIC,YN4/DY1/FS/PROBIOTIC,probiotic,probiotic,probiotic,probiotic+FS-adults+VC1102,probiotic,probiotic+retrieved VC1102,PROBIOTIC,FS D15,,,,,,,,,,,,,,,,,,,,,,,,,,,,,,,,,,,,,,,,,,,,,,,,,,,,,,,,,,,,,,
,CB,59,,,,#REF!,Young died,,,,4.4,3,69,,3,1,74,86,85,1,1,,,,,,,,,,,,,,,,,99,,,,0,2,,,,158,CB59,,,N0,,,,,,NC,,,,,,,N2,,,,,,EN1/EW1.6(1)/NP/CO,,,,EN3/EW4.8(3)/NP/CO,,EN3/NP/CO,,,EN3/NP/WA,,,,,,,,,EN3/NP/WA,,YN2/EN1 gave MWs on nest,"MWs on nest gone, gave small pot control, species unclear",,DY2/EN1/MWX,,,,,,,,,,,,,,,,,,,,,,,,,,,,,,,,,,,,,,,,,,,,,,,,,,,,,,,,,,,,,,,,,,,,,,,,,
,CB,60,,,,#REF!,,,,,,,,,,,,,,,,,,,,,,,,,,,,,,,,,,,,,,,,,158,CB60,,,NC,,,,,,NC,,,,,,,NC,,,,,,NC,,,,N0,,,,,NC,,,,,,,,,NC,,,,,,,,,,,,,,,N1,,,,,,,,,,,,,,,,,,,,,,,,,,,,,,,,,,,,,,,,,,,,,,,,,,,,,,,,,,,,,,,
,CB,62,1,GRETI,,#REF!,,55,60,0,6.7,4,28/4/21,0,6,1,61,73,74,,0,82,89,6,6,85,90,90,,,PF91019,,,,PF91022,,,88,88,6,0,6,0,,,,158,CB62,,,N0,,,,,,N4,,,,,,,EN5/EW6.7(4)/CO/NP,,,EN6/TS/NDX/FA/WA/GRETI,,,FP/GRETI,,,,,,MWs given,MWs not taken,"EN6/NP/WA. MWs not taken, moved to face.",YN5/EN1/FP/FA 0.5g Probiotic+4ml+30 MWs,YN6,Gave probiotic,probiotic,probiotic,Probiotic,probiotic,probiotic,YN6 + FS probiotic,probiotic,probiotic,YN6 probiotic,probiotic,,YN6/control,FS+probiotic,FS,,,,,,,,,,,,,,,,,,,,,,,,,,,,,,,,,,,,,,,,,,,,,,,,,,,,,,,,,,,,,,,,,,,,,,,
,CB,133,,,,#REF!,,,,,,,,,,,,,,,,,,,,,,,,,,,,,,,,,,,,,,,,,,CB133,,,N0,,,,,,N0,,,,,,,N0,,,,,,N0,,,,N0,,,,,N0,,,,,,,,,N0,,,,,,,,,,,,,,,N0,,,,,,,,,,,,,,,,,,,,,,,,,,,,,,,,,,,,,,,,,,,,,,,,,,,,,,,,,,,,,,,
,DW,1,1,GRETI,,#REF!,Removed old nest 15/4.,80,85,0,4,2,81,,5,0,93,105,105,1,1,113,120,0,0,116,,,,,,,,,,,,119,,0,4,0,4,"A, B, C, D",,,158,DW1,,,N0,,,,,,N0,,,,,,,N1,,,,,,N2,,,,,N3,,,N5,,,,,,,,EN2/EW4(2)/NP/CO,,EN4/NP/CO,,FP/GRETI,EN5/NP/CO,,,NP/CO,,,NP/CO,,,,,,,,,EN?/NP/WA,,FP/GRETI/gave small pot,MWY,YN1/EN4/NP/probiotic,YN2/EN3/NP/PROBIOTIC,YN2/EN2/NP/PROBIOTIC,FP/probiotic/some MWs remain,EN1/CO/MWY,EN1/CO/MWY,,,,,,,,,,,,,,,,,,,,,,,,,,,,,,,,,,,,,,,,,,,,,,,,,,,
,DW,3,1,BLUTI,,#REF!,Removed old nest 15/4.,,,,4.4,3,65,1,,,,,,,,,,,,,,,,,,,,,,,,,,,,,,,,,158,DW3,,,N0,,,,,,N2,,,,,,,N5,,,,,,EN5/EB1/EW4.4(3)/NP/CO,,,,FP/BLUTI,,,,,,,,,,,,,,,,,,,,,,,,,,,,,,,,,,,,,,,,,,,,,,,,,,,,,,,,,,,,,,,,,,,,,,,,,,,,,,,,,,,,,,,,,,,,
,DW,4,1,BLUTI,,#REF!,,,,,4,4,28/4/21,,,,,,,,,,,,,,,,,,,,,,,,,,,,,,,,,,158,DW4,,,N2,,,,,,N5,,,,,,,EN6/EW4(4)/CO/NP,,,FP/BLUTI,,,FP/BLUTI,,,,,,,,,,,,,,,,,,,,,,,,,,,,,,,,,,,,,,,,,,,,,,,,,,,,,,,,,,,,,,,,,,,,,,,,,,,,,,,,,,,,,,,,,,,,,,,,
,DW,7,,,,#REF!,,,,,,,,,,,,,,,,,,,,,,,,,,,,,,,,,,,,,,,,,158,DW7,,,N0,,,,,,N0,,,,,,,N0,,,,,,N0,,,,,N0,,,N0,,,,,,,,N0,,,,,,,,,,,,,N0,,,,,,,,,,,,,,,,,,,,,,,,,,,,,,,,,,,,,,,,,,,,,,,,,,,,,,,,,,,,,,,,,,,
,DW,8,1,GRETI,,#REF!,,94,98,1,1.9,1,94,0,5,1,99,111,111,1,0,119,126,5,5,122,,122,,,,,,,PF91084,,01101762EB,125,119,5,0,5,0,,,,158,DW8,,,N2,,,,,,N2,,,,,,,N2,,,,,,N2,,,,,N2,,,N2,,,,,,,,N3,,,,,,,,,,,,,EN1/EW1.9(1)/NP/CO,,EN3/NP/CO,,EN5/NP/LW,,,,,FP/GRETI,,,,,,MWY,MWY,YN3/EN2/assigned to probiotic but didnt have dosed worms,YN5/MWY/PROBIOTIC,PROBIOTIC,MWY/PROBIOTIC,Probiotic,probiotic/YN5,probiotic,probiotic,probiotic+FS5/5,probiotic,probiotic,probiotic+FS-female,probiotic+VC1102,probiotic,probiotic,probiotic/FS/retrieved VC1102(SDB2),,,,,,,,,,,,,,,,,,,,,,,,,,,,,,,,,,,
,DW,9,,,,#REF!,Abandoned? No development since trees felled i think,,,,6.9,4,62,,,1,76,88,,,6,,,,,,,,,,,,,,,,,,,,,,,,,,158,DW9,,,N0,,,,,,N2,,,,,,,EN1/EW1.8(1)/NP/CO,,,EN4/EW6.9(4)/CO/NP,,,EN6/NP/CO,,,,EN6/NP/CO,EN6/NP/CO,,,EN6/NP/CO,,EN6/NP/CO,EN6/NP/WA,,,,,,,,gave small pot,MWX,EN6/NP/CO/MWX,,,,,,NP/CO,,,,,,,,,,,,,,,,,,,,,,,,,,,,,,,,,,,,,,,,,,,,,,,,,,,,,,,,,,,,,,,,,,,,,
,DW,11,1,GRETI,,#REF!,Two females laying?,59,76,1,5.4,3,62,0,8,1,76,88,90,1,2,98,105,4,4,101,,101,,,,,,,PF91072,, 0700ED91AF,104,98,4,2,4,2,"E, F",,,158,DW11,,,N2,,,,,,N4,,,,,,,EN1/EW1.6(1)/NP/CO,,,EN3/EW5.4(3)/NP/CO,,,EN3/5.4(3)/NP/CO,,,,EN3/NP/CO,EN3/NP/CO,,,EN5/NP/CO,,EN7/NP/CO,EN8/FP/FA/WA/GRETI,,,,,,,,gave small pot,MWY,MWY,,MWY,EN8/FP/GRETI/MWY,YN4/EN4/CONTROL,control,FP/EN2/YN5/control,CONTROL,YN6/EN1/CONTROL,control,control,YN4/EN2/CONTROL,control+FS,control,control,control+FS-Fe+VC1102,control,control,control+retrievedVC1102,FS+CONTROL,,,,,,,,,,,,,,,,,,,,,,,,,,,,,,,,,,,,,,,,,,,,,,,,,,,,,,,,
,DW,12,,,,#REF!,Removed old nest 15/4.,,,,,,,,,,,,,,,,,,,,,,,,,,,,,,,,,,,,,,,,158,DW12,,,N0,,,,,,N0,,,,,,,N0,,,,,,NO,,,,,N0,,,N0,,,,,,,,N0,,,,,,,,,,,,,N0,,,,,,,,,,,,,,,,,,,,,,,,,,,,,,,,,,,,,,,,,,,,,,,,,,,,,,,,,,,,,,,,,,,
,DW,14,1,BLUTI,,#REF!,,,,,,,,,,,,,,,,,,,,,,,,,,,,,,,,,,,,,,,,,158,DW14,,,N3,,,,,,N4,,,,,,,N5,,,,,,EN6/FP/FA/BLUTI,,,,,,,,FP/BLUTI,,,,,,,,BLUTI/YN2+,,,,,,,,,,,,,DEAD BABIES,,,,,,,,,,,,,,,,,,,,,,,,,,,,,,,,,,,,,,,,,,,,,,,,,,,,,,,,,,,,,,,,,,,
,DW,15,1,GRETI,,#REF!,V. exposed,63,69,0,5.3,3,65,0,7,1,71,83,85,1,0,93,100,6,5,96,96,96,,,PF91051,,0700EE06D1,,PF91052,,0700EDAD45,99,"93, 100",5,2,4,2,"E, F",1,PF91043,158,DW15,,,N0,,,,,,N2,,,,,,,N2,,,,,,EN3/EW5.3(3)/NP/CO,,,,,EN7/NP/CO,,,EN7/FP/FL/GRETI,,EN7/NP/CO,EN7/TS/NDX/GRETI,,,FA/GRETI,"EN7/FP/GRETIEN7/FP/GRETI gave MWs, small pot",MWY,,EN7/FP/GRETI/MWY,EN7/FP/MWY,YN6/EN1 probiotic,probiotic,,Probiotic,YN7/probiotic,PROBIOTIC,PROBIOTIC,probiotic,YN6/DY1/FS/PROBIOTIC,PROBIOTIC,probiotic,YN5+PROBIOTIC+FS-ADULTS+VC1167,"probiotic, confirmed feeding MWs to chicks",probiotic+retrieved VC1167(SD-19),probiotic,FS,,,,,,,,,,,,,,,,,,,,,,,,,,,,,,,,,,,,,,,,,,,,,,,,,,,,,,,,,,,,,
,DW,16,1,BLUTI,,#REF!,Removed old nest 15/4.,,,,4.6,4,73,,,1,71,83,,,1,,,,,,,,,,,,,,,,,,,,,,,,,,158,DW16,,,N0,,,,,,N0,,,,,,,N2,,,,,,N3,,,,,EN1/1.3(1)/NP/CO,,,EN4/EW4.6(4)/CO,,,,,,FP/BLUTI,,,,,,,,,,,,,,,,,,,,,,,,,,,,,,,,,,,,,,,,,,,,,,,,,,,,,,,,,,,,,,,,,,,,,,,,,,,,,,,,,,
,DW,18,,,,#REF!,,,,,,,,,,,,,,,,,,,,,,,,,,,,,,,,,,,,,,,,,158,DW18,,,N4,,,,,,N3,,,,,,,N2,,,,,,N3,,,,,N3,,,N3,,,,,,,,N3,,,,,,,,,,,,,N2,,,,,,,,,,,,,,,,,,,,,,,,,,,,,,,,,,,,,,,,,,,,,,,,,,,,,,,,,,,,,,,,,,,
,DW,20,,,,#REF!,,,,,,,,,,,,,,,,,,,,,,,,,,,,,,,,,,,,,,,,,158,DW20,,,N0,,,,,,NC,,,,,,,NC,,,,,,N0,,,,,,,,N0,,,,,,,,,,,,,,,,,,,,,NC-OLD,,,,,,,,,,,,,,,,,,,,,,,,,,,,,,,,,,,,,,,,,,,,,,,,,,,,,,,,,,,,,,,,,,,
,DW,22,1,GRETI,,#REF!,,,,,6.7,4,28/4/21,,4,1,66,78,,,4,,,,,,,,,,,,,,,,,,,,,0,,,,,158,DW22,,,N2,,,,,,N5,,,,,,,EN4/EW6.7(4)/NP/CO,,,EN4/NP/CO,,,EN4/NP/CO,,,,EN?/TS/NDX/GRETI,,,,,,Gave MWs big pot,MWX,,EN4/CO/NP,EN4/CO/NP/MWX,EN4/NP/CO,NP/CO,,,,,,,,,,,,,,,,,,,,,,,,,,,,,,,,,,,,,,,,,,,,,,,,,,,,,,,,,,,,,,,,,,,,,,,,,,,,,,,,
,DW,23,,,,#REF!,Removed old nest 15/4.,,,,,,,,,,,,,,,,,,,,,,,,,,,,,,,,,,,,,,,,158,DW23,,,N0,,,,,,N0,,,,,,,N2,,,,,,N2,,,,,N2,,,N2,,,,,,,,N2,,,,,,,,,,,,,N2,,,,,,,,,,,,,,,,,,,,,,,,,,,,,,,,,,,,,,,,,,,,,,,,,,,,,,,,,,,,,,,,,,,
,DW,24,,,,#REF!,,,,,,,,,,,,,,,,,,,,,,,,,,,,,,,,,,,,,,,,,158,DW24,,,N0,,,,,,N0,,,,,,,N0,,,,,,N0,,,,,N0,,,N0,,,,,,,,N3,,,,,,,,,,,,,N4,,,,,,,,,,,,,,,,,,,,,,,,,,,,,,,,,,,,,,,,,,,,,,,,,,,,,,,,,,,,,,,,,,,
,DW,25,,,,#REF!,,,,,,,,,,,,,,,,,,,,,,,,,,,,,,,,,,,,,,,,,158,DW25,,,N0,,,,,,N2,,,,,,,N2,,,,,,N2,,,,,N2,,,N2,,,,,,,,N2,,,,,,,,,,,,,N3,,,,,,,,,,,,,,,,,,,,,,,,,,,,,,,,,,,,,,,,,,,,,,,,,,,,,,,,,,,,,,,,,,,
,DW,26,,,,#REF!,Removed old nest 15/4.,,,,,,,,,,,,,,,,,,,,,,,,,,,,,,,,,,,,,,,,158,DW26,,,N0,,,,,,N0,,,,,,,N0,,,,,,N0,,,,,N0,,,N0,,,,,,,,N0,,,,,,,,,,,,,N0,,,,,,,,,,,,,,,,,,,,,,,,,,,,,,,,,,,,,,,,,,,,,,,,,,,,,,,,,,,,,,,,,,,
,DW,27,1,GRETI,,#REF!,,64,67,0,3.6,2,65,0,5,1,70,82,83,1,0,91,98,4,4,94,97,97,,,PF91060,,0700EDD497,,PF91059,,110176981,97,91,4,1,3,1,E,1,PF91034,158,DW27,,,N4,,,,,,N5,,,,,,,N5,,,,,,EN2/EW3.6(2)/NP/CO,,,,EN4/NP/CO,EN4/NP/WA,,,,,,,,"gave MWs , big pot",MWX,MWY,"MWY, pot moved by wind",,YN1/EN4/FL/MWY control,YN4/EN0/FL control,YN4 control,control,,control,,CONTROL,control+FS,control,control,CONTROL,control,control,control+confirmed Fe taking MWs into nest,CONTROL+FS,retrieved VC1102(SD-B1). Battery dead and time incorrect.,,,,,,,,,,,,,,,,,,,,,,,,,,,,,,,,,,,,,,,,,,,,,,,,,,,,,,,,,,,,,,
,DW,28,,,,#REF!,,,,,,,,,,,,,,,,,,,,,,,,,,,,,,,,,,,,,,,,,158,DW28,,,N2,,,,,,N2,,,,,,,N2,,,,,,N2,,,,,N2,,,N2,,,,,,,,,,,,,,,,,,,,,N2,,,,,,,,,,,,,,,,,,,,,,,,,,,,,,,,,,,,,,,,,,,,,,,,,,,,,,,,,,,,,,,,,,,
,DW,29,,,,#REF!,Removed old nest 15/4.,,,,,,,,,,,,,,,,,,,,,,,,,,,,,,,,,,,,,,,,158,DW29,,,N0,,,,,,N0,,,,,,,N0,,,,,,N0,,,,,N0,,,N0,,,,,,,,,,,,,,,,,,,,,N0,,,,,,,,,,,,,,,,,,,,,,,,,,,,,,,,,,,,,,,,,,,,,,,,,,,,,,,,,,,,,,,,,,,
,DW,31,,,,#REF!,Removed old nest 15/4.,,,,1.6,1,73,,,,,,,,1,,,,,,,,,,,,,,,,,,,,,,,,,,158,DW31,,,N0,,,,,,N0,,,,,,,N4,,,,,,N4,,,,,N5,,,EN1/EW1.6(1)/NP/CO,,,EN1/NP/CO,,EN1/NP/CO,EN1/NP/CO,,,,,,,EN1/NP/CO,,,,,,EN1/NP/CO,,,,,,,,,,EN1/NP/CO,,,,,,,,,,,,,,,,,,,,,,,,,,,,,,,,,,,,,,,,,,,,,,,,,,,,,,,,,,,
,DW,33,,,,#REF!,,,,,,,,,,,,,,,,,,,,,,,,,,,,,,,,,,,,,,,,,158,DW33,,,N3,,,,,,N3,,,,,,,N4,,,,,,,,,,,N0,,,N0,,,,,,,,,,,,,,,,,,,,,N0,,,,,,,,,,,,,,,,,,,,,,,,,,,,,,,,,,,,,,,,,,,,,,,,,,,,,,,,,,,,,,,,,,,
,DW,35,1,BLUTI,,#REF!,Removed old nest 15/4. V exposed,,,,1,1,59,,,,,,,,1,,,,,,,,,,,,,,,,,,,,,,,,,,158,DW35,,,N0,,,,,,N5,,,,,,,EN1/EW1(1)/NP/CO,,,EN4/NP/CO,,,FP/BLUTI,,,,,,,,,,,,,,,,,,,,,,,,,,,,,,,,,,,,,,,,,,,,,,,,,,,,,,,,,,,,,,,,,,,,,,,,,,,,,,,,,,,,,,,,,,,,,,,,
,DW,37,,,,#REF!,,,,,2.4,2,59,,,,,,,,,,,,,,,,,,,,,,,,,,,,,,,,,,158,DW37,,,N2,,,,,,N5,,,,,,,EN2/EW2.4(2)/NP/CO,,,EN5/W/NP,,,EN8/NP/LW,,,,,,,,,,,,,,,,,,,,,,,,,,,,,,,,,,,,,,,,,,,,,,,,,,,,,,,,,,,,,,,,,,,,,,,,,,,,,,,,,,,,,,,,,,,,,,,,
,DW,42,1,BLUTI,,#REF!,,,,,4.6,4,59,,,,,,,,,,,,,,,,,,,,,,,,,,,,,,,,,,158,DW42,,,N4,,,,,,N5,,,,,,,EN4/EW4.6(4)/NP/CO,,,EN?/FP/BLUTI,,,,,,,,,,,,,,,,,,,,,,,,,,,,,,,,,,,,,,,,,,,,,,,,,,,,,,,,,,,,,,,,,,,,,,,,,,,,,,,,,,,,,,,,,,,,,,,,,,,
,DW,45,,,,#REF!,V.exposed,,,,,,,,,,,,,,,,,,,,,,,,,,,,,,,,,,,,,,,,158,DW45,,,N0,,,,,,N2,,,,,,,N3,,,N4,,,N3,,,,,N3,,,N4,,,,,,,,N3,,,,,,,,,,,,,N3,,,,,,,,,,,,,,,,,,,,,,,,,,,,,,,,,,,,,,,,,,,,,,,,,,,,,,,,,,,,,,,,,,,
,DW,46,1,GRETI,,#REF!,,83,90,0,,,,,6,,,,103,1,0,111,118,5,4,114,115,,,,PF91079,,0700EDC14E,,,GU4,,117,111,5,1,4,1,F,1,PF91077,158,DW46,,,N0,,,,,,N0,,,,,,,N0,,,,,,N0,,,,,N0,,,N0,,,,,,,,,,,,,,,,,,,,,EN6/FP/GRETI,gave small pot,EN6/NP/WA/MWY,EN6/WA/NP/MWY,EN?/FP/MWY,EN?/FP/MWY,EN?/YN0/FP/MWY,EN?/FP,EN5+/FP,YN2+/EN?/FP/control,YN6?/EN0?/FP/control,YN6/EN0/NP/CONTROL,control,control,control,YN6/CONTROL,YN6/CONTROL,control/FS2 of 5,CONTROL,CONTROL,YN4/DY1/CONTROL,control/FS-male/VC1102,YN4/control,YN4/CONTROL/retrieved VC1102(SDK3),control+FS,,,,,,,,,,,,,,,,,,,,,,,,,,,,,,,,,,,,,,,,,,,
,DW,47,,,,#REF!,Inaccessible,,,,,,,,,,,,,,,,,,,,,,,,,,,,,,,,,,,,,,,,,DW47,,,,,,,,,,,,,,,,,,,,,,,,,,,,,,,,,,,,,,,,,,,,,,,,,,,,,,,,,,,,,,,,,,,,,,,,,,,,,,,,,,,,,,,,,,,,,,,,,,,,,,,,,,,,,,,,,,,,,,
,DW,49,1,GRETI,,#REF!,,72,76,1,3.7,2,73,0,5,1,79,91,92,1,2,100,107,3,3,103,,103,,,,,,,PF91073,,0700EE4000,106,100,3,2,3,,,,,,DW49,,,NC,,,,,,N2,,,,,,,N5,,,,,,N5,,,,,N5,,,EN2/EW3.7(2)/NP/CO,,EN4/NP/CO,EN5/NP/CO,,EN5/CO/NP,EN5/NP/WA,,EN5/WA,,,,,gave small pot,,MWY,MISSED,MWY,EN6?/FP/GRETI/MWY,YN2/EN3/FL/probiotic,YN3/EN2/NP/PROBIOTIC,YN3/EN2/PROBIOTIC,probiotic,probiotic,,,probiotic,FS,probiotic,probiotic,probiotic+FS-Fe+VC1134,probiotic,probiotic,probiotic+retrieved VC1134,FS+probiotic,,,,,,,,,,,,,,,,,,,,,,,,,,,,,,,,,,,,,,,,,,,,,,,,,,,,,,
,DW,130,,,,#REF!,Very exposed,,,,,,,,,,,,,,,,,,,,,,,,,,,,,,,,,,,,,,,,158,DW130,,,N0,,,,,,N0,,,,,,,NC,,,,,,NC,,,,,NC,,,NC,,,,,,,,,,,,,,,,,,,,,N1+bat,,,,,,,,,,,,,,N1+BAT,,,,,,,,,,,,,,,,,,,,,,,,,,,,,,,,,,,,,,,,,,,,,,,,,,,,,
,DW,138,1,GRETI,,#REF!,Removed old nest 15/4.,96,100,1,5.8,4,108,0,5,1,101,113,112,1,3,120,127,1,0,123,,123,,,,,,,PF91085,,0700EDDD35,126,,0,2,0,2,"A, B",,,158,DW138,,,N0,,,,,,N0,,,,,,,N0,,,,,,N1,,,,,NC,,,NC,,,,,,,,N1,,,,,,,,,,,,,N4,,,,,,,,,,,,,,EN5/EW5.8(4)/NP/WA,MWY,MWY,FP/GRETI/MWY,YN1/EN4/CONTROL,YN2/EN3/CONTROL,CONTROL/MWY,YN1+/FP/CONTROL,control,control,control,control,YN1/DY1/FP/EN2/FS,control,control,control,control+FS-female+VC1138,DY1+removed VC1138(SDI4),,,,,,,,,,,,,,,,,,,,,,,,,,,,,,,,,,,,
,IN,1,1,GRETI,,#REF!,,65,69,0,7.4,4,77,0,4,1,70,82,83,1,0,91,98,4,4,94,,95,,,,,,,PF91050,,110176790,97,91,4,0,4,0,,,,157,IN1,NC,,,,,,NC,,,,,,,N2,,,,,,,,EN1(2.1(1)/NP/CO no lining- egg dump?,,,,EN4/NP/CO,EN4/TS/WA/FL/NDX,,,,,,,EN4/EW7.4(4)/WA/NP,gave MWs small pot,MWY,MWY,,EN4/FP/GRETI/MWY,,YN4 probiotic,probiotic,probiotic,probiotic,probiotic/MWY,probiotic,Probiotic,FS + Probiotic,probiotic + FS,probiotic,probiotic,probiotic+FS-Fe+VC1134,probiotic,probiotic+retrieved VC1134,probiotic+FS,,,,,,,,,,,,,,,,,,,,,,,,,,,,,,,,,,,,,,,,,,,,,,,,,,,,,,,,,,,,,,,
,IN,2,,,,#REF!,,,,,3.9,3,65,,,,,,,,4,,,,,,,,,,,,,,,,,,,,,,,,,,157,IN2,N3,,,,,,N2,,,,,,,N5,,,,,,,,EN3/EW3.9(3)/NP/CO,,,,,EN2/EW3.8(2)/NP/CO,,,EN4/NP/CO,,,,,,,,,,,,,,,,,,,,,,EN4/EW5.2(4)/CO,,,,,,,,,,,,,,,,,,,,,,,,,,,,,,,,,,,,,,,,,,,,,,,,,,,,,,,,,,,,,,,,,,
,IN,4,1,BLUTI,,#REF!,,55,,,3.7,3,57,1,,1,60,72,,,,,,,,,,,,,,,,,,,,,,,,,1,,,,157,IN4,N3,,,,,,N3,,,,,,,EN3/EW3.7(3)/CO/NP/EB1,,,,,,,,EN5/WA/NP,,,,,,,EN5/NP/WA,,FP/BLUTI,,,,,,,,,,,,,,,,,,,,,,,,,,,,,,,,,,,,,,,,,,,,,,,,,,,,,,,,,,,,,,,,,,,,,,,,,,,,,,,,,,,,,,,
,IN,5,1,BLUTI,,#REF!,,57,,,4.4,4,72,,,1,76,88,,,7,,,,,,,,,,,,,,,,,,,,,,,,,,157,IN5,NC,,,,,,N2,,,,,,,EN1/EW1.5/CO/NP,,,,,EN1/NP/CO,,,EN2/NP/CO very heavily lined eggs hard to find,,,,EN3?/HARD TO FIND EGGS,EN4/NP/CO,,EN6/NP/CO/EW4.4(4),FP/BLUTI,,,,,,,,,,,,,,,,,,,,,,,,,,,,,,,,,,,,,,,,,,,,,,,,,,,,,,,,,,,,,,,,,,,,,,,,,,,,,,,,,,,,,,,,
,IN,6,,,,#REF!,,,,,,,,,,,,,,,,,,,,,,,,,,,,,,,,,,,,,,,,,157,IN6,N3,,,,,,N2,,,,,,,N2,,,,,,,,N3,,,,,N2,,,N3,,,,N3,,,,,,,,,,,,,,,,,,N3-COBWEBS,,,,,,,,,,,,,,,,,,,,,,,,,,,,,,,,,,,,,,,,,,,,,,,,,,,,,,,,,,,,,,,,,,
,IN,8,1,GRETI,,#REF!,,50,56,0,6.75,4,57,0,7,1,58,70,73,1,3,81,88,3,3,84,,85,,,,,,,S842652,WD0,110176213,87,83,3,1,3,1,D,,,157,IN8,N3,,,,,,EN1/EW1.9(1)/CO/NP,,,,,,,EN7/EW6.75(4)/CO/NP,,,,,FP/TS/ND/WA/GRETI,,,,,,,MW's given,No hatch. MWs not taken. FP,EN3+/Y0/FP/ND/GRETI,EN6/NP/WA,"EN4/Y2/FP/ND. 0.1G TRIS, 2ML WATER, 20 MWS",Y4/EN3/FP/FA MWs taken,YN4/EN3/FP/FA,YN4/EN3 gave control,YN4/EN3 control,YN3/EN3,YN3/EN3 control,control,MWY+FS,control,,control,control + VC1087,control,control + removed VC1087,control + FS,,,,,,,YN3,,,,,,,,,,,,,,,,,,,,,,,,,,,,,,,,,,,,,,,,,,,,,,,,,,,,,,,,,,,,,,,,,,
,IN,9,,,,#REF!,,,,,3.5,3,65,1,,,,,,,,,,,,,,,,,,,,,,,,,,,,,,,,,,IN9,N0,,,,,,N0,,,,,,,N5,,,,,,,,EN2EB1/EW3.5(3)/NP/CO,,,,,EN2/NP/CO,,,EN2/NP/CO,,,,,,,,,,,,,,,,,,,,,,,,,,,,,,,,,,,,,,,,,,,,,,,,,,,,,,,,,,,,,,,,,,,,,,,,,,,,,,,,,,,,,,,,
,IN,10,,,,#REF!,,56,,,7.1,4,62,,,,,,,,5,,,,,,,,,,,,,,,,,,,,,,,,,,157,IN10,NC,,,,,,N3,,,,,,,EN2/EW3.7(2)/CO/NP,,,,,EN5/EW7.1(4)/NP/CO,,,,,,,EN5/NP/CO,EN5/NP/CO,EN5/NP/CO,EN5/NP/CO,EN5/NP/CO,EN5/CO/NP,EN5/NP/CO,EN5/NP/CO,EN5/NP/CO,EN5/NP/CO,EN5/NP/CO,EN5/NP/CO,EN5/NP/CO/MWX,,,,NP/CO,,,,NP/CO,,,,,,,,,,,,,,,,,,,,,,,,,,,,,,,,,,,,,,,,,,,,,,,,,,,,,,,,,,,,,,,,,,,,,,,,
,IN,12,1,BLUTI,,#REF!,,,,,1.3,1,77,,,,,,,,,,,,,,,,,,,,,,,,,,,,,,4,,,,157,IN12,N0,,,,,,N0,,,,,,,NC,,,,,,,,NC,,,,,NC,,,N1,,,,EN1/EW1.3(1)/NP/CO,,,,,,,,,,,,,,,,,,,,,,,,,,,,,,,,,,,,,,,,,,,,,,,,,,,,,,,,,,,,,,,,,,,,,,,,,,,,,,,,,,,,
,IN,14,,,,#REF!,"Tree fallen, inaccessible",,,,,,,,,,,,,,,,,,,,,,,,,,,,,,,,,,,,,,,,,IN14,,,,,,,,,,,,,,,,,,,,,,,,,,,,,,,,,,,,,,,,,,,,,,,,,,,,,,,,,,,,,,,,,,,,,,,,,,,,,,,,,,,,,,,,,,,,,,,,,,,,,,,,,,,,,,,,,,,,,,
,IN,15,1,GRETI,,#REF!,,56,,,7.3,4,62,,,1,63,75,,,4,,,,,,,,,,,,,,,GU7,,,,,,,,,,,157,IN15,NC,,,,,,N4,,,,,,,EN2/EW3.7(2)/CO/NP,,,,,EN4/EW7.3(4)/NP/CO,,,,,,,EN3?/FS/NDX,,,MWs not taken. Moved to face,,MWs not taken,FP/EN4+/YN0 MWs not taken,,EN4/FP/TS/MWX swapped to small pot,EN4/NP/CO/MWX,EN4/FL/GRETI/MWY,EN4/NP/CO,EN4/NP/CO,EN4/CO/MWX,,CO/NP removed pot,,,,,,,NP/Co,,,,,,,,,,,,,,,,,,,,,,,,,,,,,,,,,,,,,,,,,,,,,,,,,,,,,,,,,,,,,,,,,,,,,,
,IN,17,,,,#REF!,,,,,,,,,,,,,,,,,,,,,,,,,,,,,,,,,,,,,,,,,157,IN17,N5,,,,,,N5,,,,,,,N5,,,,,,,,N5,,,,N5,,,,N5,,,,N5,,,,,,,,,,,,,,,,,,N5,,,,,,,,,,,,,,,,,,,,,,,,,,,,,,,,,,,,,,,,,,,,,,,,,,,,,,,,,,,,,,,,,,
,IN,20,,,,#REF!,,,,,,,,,,,,,,,,,,,,,,,,,,,,,,,,,,,,,,,,,157,IN20,N0,,,,,,N0,,,,,,,N0,,,,,,,,N0,,,,,N0,,,N0,,,,N0,,,,,,,,,,,,,,,,,,N0,,,,,,,,,,,,,,,,,,,,,,,,,,,,,,,,,,,,,,,,,,,,,,,,,,,,,,,,,,,,,,,,,,
,IN,22,1,GRETI,,#REF!,,67,69,0,5.5,3,69,0,3,1,71,83,83,1,0,91,98,3,3,94,,96,,,,,,,PF91057,,110176258,97,91,3,0,3,0,,,,157,IN22,N4,,,,,,N5,,,,,,,N5,,,,,,,,N5,,,,EN3/EW5.5(3)/FP/FA,EN3/NP/CO,EN3/FA/WA/GRETI,EN3/FP/FA/WA/GRETI,EN3/FP/FA/WA/GRETI,,,,EN3/FP/FA,"gave MWs, small pot",MWX,MWX,MWX,MWX,,control,MWY control,MWY control,MWY/control,MWY/control,MWY/control,control,FS + control,control,control,control,control,control+FS-Fe+VC1162,control,control+FS+retrieved VC1162(SD-23),,,,,,,,,,,,,,,,,,,,,,,,,,,,,,,,,,,,,,,,,,,,,,,,,,,,,,,,,,,,,,,
,IN,23,,,,#REF!,Faceplate replaced 13/4,,,,,,,,,,,,,,,,,,,,,,,,,,,,,,,,,,,,,,,,157,IN23,N2,,,,,,N1,,,,,,,N1,,,,,,,,N2,,,,,N1,,,N1,,,,N2,,,,,,,,,,,,,,,,,,N2,,,,,,,,,,,,,,,,,,,,,,,,,,,,,,,,,,,,,,,,,,,,,,,,,,,,,,,,,,,,,,,,,,
,IN,25,1,GRETI,,#REF!,Trapped Female prematurely by accident,69,70,0,3.9,2,70,0,2,1,73,85,86,1,0,94,101,2,2,97,,93,,,,,,,PF91044,,0700ED926,100,94,2,0,2,0,,,,157,IN25,N4,,,,,,N5,,,,,,,N5,,,,,,,,N5,,,,,EN2/EW3.9(2)/NP/CO,EN2/NP/CO,EN2/NP/CO,EN2/NP/WA,,,,,,,EN2/NP/WA gave MWs small pot,MWY,MWY,,MWY,MWY,YN2/FL,probiotic,PROBIOTIC/MWY,probiotic YN2/FL,probiotic,Probiotic,probiotic,"probiotic+FS female, trapped here by accident instead of KB25",Probiotic+FS +retrieved VC1102,probiotic,probiotic,probiotic+VC1134,probiotic,probiotic+retrieved VC1134(SD-I1),probiotic,"FS, but '45 fledged after taking sample and couldnt find",,,,,,,,,,,,,,,,,,,,,,,,,,,,,,,,,,,,,,,,,,,,,,,,,,,,,,,,,,,,
,IN,26,,,,#REF!,,,,,,,,,,,,,,,,,,,,,,,,,,,,,,,,,,,,,,,,,157,IN26,NC,,,,,,N2,,,,,,,N2,,,,,,,,N2,,,,,N3,,,N3,,,,N3,,,,,,,,,,,,,,,,,,N3,,,,,,,,,,,,,,,,,,,,,,,,,,,,,,,,,,,,,,,,,,,,,,,,,,,,,,,,,,,,,,,,,,
,IN,29,,,,#REF!,"Confirm new nest, not just from 2020",,,,4.1,3,95,,,,,,,,1,,,,,,,,,,,,,,,,,,,,,,1,,,,157,IN29,N3,,,,,,N4,,,,,,,N5,,,,,,,,N4,,,,,,,,N3,,,,N5,,,,,,,,,,,,,,,,,,EN3/EW4.1(3)/WA,,,,,,,,,,,,,,,,,,,,,,,,,,,,,,,,,,,,,,,,,,,,,,,,,,,,,,,,,,,,,,,,,,
,IN,35,1,BLUTI,,#REF!,,,,,4.6,4,65,,,,,,,,,,,,,,,,,,,,,,,,,,,,,,,,,,157,IN35,N0,,,,,,NC,,,,,,,N2,,,,,,,,EN4/EW4.6(4)/NP/CO,,,,,EN8/NP/CO,EN9/FP/FL/BLUTI,,,,,,,,,,,,,,,,,,,,,,,,,,,,,,,,,,,,,,,,,,,,,,,,,,,,,,,,,,,,,,,,,,,,,,,,,,,,,,,,,,,,,,,,,,
,KB,1,,,,#REF!,,,,,,,,,,,,,,,,,,,,,,,,,,,,,,,,,,,,,,,,,157,KB1,N0,,,,,,N0,,,,,,,N0,,,,,,,,N0,,,,,N0,,,,,,,N0,,,,,,,,,,,,,,,,,,,,,,,,,,,,,,,,,,,,,,,,,,,,,,,,,,,,,,,,,,,,,,,,,,,,,,,,,,,,,,,,,,,,
,KB,2,,,,#REF!,"Confirm new nest, not just from 2020",,,,,,,,,,,,,,,,,,,,,,,,,,,,,,,,,,,,,,,,157,KB2,N4,,,,,,N4,,,,,,,N3,,,,,,,,N2,,,,,N3,,,,,,,N4,,,,,,,,,,,,,,,,,,,,,,,,,,,,,,,,,,,,,,,,,,,,,,,,,,,,,,,,,,,,,,,,,,,,,,,,,,,,,,,,,,,,
,KB,3,,,,#REF!,,,,,,,,,,,,,,,,,,,,,,,,,,,,,,,,,,,,,,,,,157,KB3,N0,,,,,,NC,,,,,,,NC,,,,,,,,NC,,,,,NC,,,,,,,NC,,,,,,,,,,,,,,,,,,,,,,,,,,,,,,,,,,,,,,,,,,,,,,,,,,,,,,,,,,,,,,,,,,,,,,,,,,,,,,,,,,,,
,KB,4,1,GRETI,,#REF!,Threw out old egg and nest 13/4,54,57,0,7.3,4,57,0,6,1,60,72,76,1,0,84,91,6,0,87,,,,,,,,,,,,90,84,4,2,0,2,"F, D",,"TX52584, TX52585, TX52586, TX52587",157,KB4,N0,,,,,,N4,,,,,,,EN4/EW7.3(4)/NP/CO,,,,,EN6/FP/ND/SB6/LW,,,EN6/WA/NP,,,,,,MWS NOT TAKEN,EN6/FP/SB20+,EN6/FP/FA. MWs not taken,EN6-7/FP MWs not taken,EN6 MWs taken,YN5/EN1/FP/FA/PROBIOTIC,YN6/FP/FA,YN6 probiotic,,probiotic,probiotic,control,YN6 probiotic,probiotic,YN6 + probiotic,YN5/DY1=TX52586 PROBIOTIC,"DY5 UNR, UNR,TX52584,85,87",,,,,,,,,,,,,,,,,,,,,,,,,,,,,,,,,,,,,,,,,,,,,,,,,,,,,,,,,,,,,,,,,,,,,,,,,,
,KB,6,,,,#REF!,,,,,,,,,,,,,,,,,,,,,,,,,,,,,,,,,,,,,,,,,157,KB6,N0,,,,,,N0,,,,,,,N0,,,,,,,,N0,,,,,N0,,,,,,,,,,,,,,,,,,,,,,,,,,,,,,,,,,,,,,,,,,,,,,,,,,,,,,,,,,,,,,,,,,,,,,,,,,,,,,,,,,,,,,,,,,,
,KB,7,,,,#REF!,"Mixed brood (5greti, 5bluti)",56,,,4.6,4,65,,,,,,,,1,,,,,,,,,,,,,,,,,,,,,,,,,,157,KB7,N0,,,,,,N2,,,,,,,EN2/EW2.4(2)/NP/CO,,,,,,,,EN5/4.6(4)/NP,,,,,"EN9 (4GRETI, 5BLUTI)/NP/CO",,,,,,,,EN5+5/GRETI/WA/FA mixed brood,,,,,,,,,,,,,,,,,,,,,,,,,,,,,,,,,,,,,,,,,,,,,,,,,,,,,,,,,,,,,,,,,,,,,,,,,,,,,,,,,,,
,KB,9,1,BLUTI,,#REF!,,,,,4.6,4,65,,,,,,,,,,,,,,,,,,,,,,,,,,,,,,,,,,,KB9,,,,,,,N3,,,,,,,N5,,,,,,,,EN6/EW4.6(4)/NP/CO,,,,,FP/BLUTI,,,,,,,,,,,,,,,,,,,,,,,,,,,,,,,,,,,,,,,,,,,,,,,,,,,,,,,,,,,,,,,,,,,,,,,,,,,,,,,,,,,,,,,,,,,
,KB,10,1,GRETI,,#REF!,Removed dead greti (S152821) incorporated into new nest. PROBIOTIC TREATMENT,51,57,0,,,,,5,1,57,69,70,1,0,78,85,5,1,81,,81,,,,,,,NZ05874,YT1,0110176A64,84,78,5,0,1,0,,4,TX52552; TX52553; TX52554; TX52555,157,KB10,N3,,,,,,N5,,,,,,,EN2+(?)/TS/NDX/greti,,,,,EN2+/TS/FP/NDX,,,,,,,"HC 0C, MW's given",EN1+/Y1+/FP. Didnt take MWs,Y6,Fed MWs by hand.,"MWs taken from pot on face. Gave 0.5g in 5ml, 40 MWs.",YN5 1 dead chick removed.,Probiotic,Probiotic,YN5 probiotic,YN5 F-Sampled 4/5,,probiotic,probiotic,probiotic,probiotic + FS,probiotic,YN1/DY4 + FS,,,,,FLEDGED,,,,,,,,,,,,,,,,,,,,,,,,,,,,,,,,,,,,,,,,,,,,,,,,,,,,,,,,,,,,,,,,,,,,,,,
,KB,11,,,,#REF!,Verify new nest.,,,,6.3,4,77,,,,,,,,,,,,,,,,,,,,,,,,,,,,,,,,,,157,KB11,N2,,,,,,N2,,,,,,,N5,,,,,,,,N5,,,,,N5,,,,,,,EN4/EW6.3(4)/NP/CO,,,,EN5/NP/CO,,,,EN5/NP/CO,,,,NP/CO,,,,,,,,,,,,,,,,,,,,,,,,,,,,,,,,,,,,,,,,,,,,,,,,,,,,,,,,,,,,,,,,,,,,,,,,
,KB,12,1,GRETI,,#REF!,,56,60,,7.3,4,62,,5,1,63,75,,,5,,,,,,,,,,,,,,,,,,,,,0,,,,,157,KB12,NC,,,,,,N3,,,,,,,EN2/EW3.7(2)/CO/NP,,,,,EN5/7.3(4)/NP/CO,,,EN5/FP/SB10/NDX/WA/GRETI,,,,,EN5/NP/CO,MWs given,,MWs taken,,EN5 MWs not taken,EN5/NP/MWX,EN5/NP/CO/MWX,EN6/NP/CO/MWX,EN5/NP/CO/MWX,EN5/NP/CO,EN5/NP/CO,,,,,,,,,,,,,,,,,,,,,,,,,,,,,,,,,,,,,,,,,,,,,,,,,,,,,,,,,,,,,,,,,,,,,,,,,,,,,,,,
,KB,13,,,,#REF!,"Removed dead greti (TW15321, T3-N)",,,,,,,,,,,,,,1,,,,,,,,,,,,,,,,,,,,,,,,,,157,KB13,NC,,,,,,N0,,,,,,,N0,,,,,,,,N0,,,,,N0,,,,,,,N2,,,,,,,,,,,,,,,,,,,,,,,,,,,,,,,,,,,,,,,,,,,,,,,,,,,,,,,,,,,,,,,,,,,,,,,,,,,,,,,,,,,,
,KB,14,1,BLUTI,,#REF!,,57,,,1.1,1,57,,,1,63,75,,,1,,,,,,,,,,,,,,,,,,,,,,,,,,157,KB14,N0,,,,,,N2,,,,,,,EN1/EW1.1(1)/CO/NP,,,,,,,,FP/BLUTI,,,,,,,,,,,,,,,,,,,,,,,,,,,,,,,,,,,,,,,,,,,,,,,,,,,,,,,,,,,,,,,,,,,,,,,,,,,,,,,,,,,,,,,,,,,,,,,,
,KB,15,1,GRETI,,#REF!,,54,59,0,5.25,3,57,0,6,1,61,73,74,1,0,82,89,6,5,85,87,87,,,TW15318,RB4,,,TW15330,WM9,110176849,88,82,6,9,4,0,0,2,"TX52557, TX52558",157,KB15,N0,,,,,,N2,,,,,,,EN3/EW5.25(3)/NP/CO,,,,,EN6/FP/SB20/WA/GRETI,,,,,,,,,Mws given,,"EN4+/FP. No hatch, some MWs taken i think.","Y5 Probiotic, MWs taken",YN6,Probiotic,Probiotic,YN6 probiotic,MWY Probiotic,probiotic,probiotic,probiotic + FS,probiotic,probiotic,probiotic + VC1167,probiotic,probiotic/YN5/DY1=TX52557 + removed VC1167,probiotic,FS+probiotic,,,,,,,,,,,,,,,,,,,,,,,,,,,,,,,,,,,,,,,,,,,,,,,,,,,,,,,,,,,,,,,,,,,,,,,,
,KB,16,,,,#REF!,,,44,0,4.65,4,50,,8,1,44,56,,,,,,,,,,,,,,,,,,,,,,,,,,,,,157,KB16,8E,,,,,,EN8/EW4.65(4)/WA/NP,,,,,,,EN8/WA,,,,,,,,8C,,,,,,No MWs taken,,,,,,,,,,,,,,,,,,,,,,,,,,,,,,,,,,,,,,,,,,,,,,,,,,,,,,,,,,,,,,,,,,,,,,,,,,,,,,,,,,,,,,,,,,
,KB,17,,,,#REF!,Inaccessible,,,,,,,,,,,,,,,,,,,,,,,,,,,,,,,,,,,,,,,,,KB17,,,,,,,,,,,,,,,,,,,,,,,,,,,,,,,,,,,,,,,,,,,,,,,,,,,,,,,,,,,,,,,,,,,,,,,,,,,,,,,,,,,,,,,,,,,,,,,,,,,,,,,,,,,,,,,,,,,,,,
,KB,18,,,,#REF!,"Replaced fallen box 19/4, waypoint O71.",,,,,,,,,,,,,,,,,,,,,,,,,,,,,,,,,,,,,,,,157,KB18,,,,,,,N0,,,,,,,N0,,,,,,,,N0,,,,,N0,,,,,,,N0,,,,,,,,,,,,,,N0,,,,,,,,,,,,,,,,,,,,,,,,,,,,,,,,,,,,,,,,,,,,,,,,,,,,,,,,,,,,,,,,,,,,,,
,KB,19,,,,#REF!,,,,,,,,,,,,,,,,,,,,,,,,,,,,,,,,,,,,,,,,,157,KB19,N0,,,,,,N0,,,,,,,NC,,,,,,,,N3,,,,,N5,,,,,,,N3,,,,,,,,,,,,,,N5,,,,,,,,,,,,,,,,,,,,,,,,,,,,,,,,,,,,,,,,,,,,,,,,,,,,,,,,,,,,,,,,,,,,,,
,KB,20,1,GRETI,,#REF!,,57,60,0,6.8,4,62,0,4,1,63,75,77,1,0,85,92,4,4,88,,86,,,,,,,VZ80567,YM3,01105E17F1,91,85,4,0,4,0,,0,,157,KB20,N3,,,,,,N5,,,,,,,EN1/EW1.9(1)/CO/NP,,,,,EN4/6.8(4)/NP/CO,,,EN4/NP/WA,,,,,,MWs given,Some MWs taken maybe?,EN4?/FP/ND,,EN4 MWs taken,EN4/FP/GRETI,YN2/EN2/FP probiotic,YN4/FP,Probiotic,Probiotic,probiotic,,probiotic,YN4 probiotic,probiotic + FS,probiotic + female sampled,probiotic + Fe trapped,probiotic,,probiotic,,Probiotic + FS,,,,,,,,,,,,,,,,,,,,,,,,,,,,,,,,,,,,,,,,,,,,,,,,,,,,,,,,,,,,,,,,,,,,,
,KB,22,1,GRETI,,#REF!,,58,63,0,,,,0,5,1,61,73,75,1,0,83,90,5,5,86,,87,,,,,,,TX52595,,0700EDF0A7,89,83,5,0,4,0,,1,TX52582,157,KB22,N0,,,,,,N3,,,,,,,N5,,,,,,,,EN2+/TS/NDX/GRETI,,,,,MWs given,MWs not taken,,EN4+/FP. MWs some taken.,EN5/FP MWs taken,YN1/EN4/FP,YN5/control,control,control,control,control,control + FS,,YN5 control + FS,Y5 control,control,control,,control,control+collected VC at 14:40,FS5/5+CONTROL,,,,,,,,,,,,,,,,,,,,,,,,,,,,,,,,,,,,,,,,,,,,,,,,,,,,,,,,,,,,,,,,,,,,,,,
,KB,23,,,,#REF!,,,,,2.5,2,65,,,,,,,,2,,,,,,,,,,,,,,,,,,,,,,,,,,157,KB23,N0,,,,,,N0,,,,,,,N4,,,,,,,,EN2/EW2.5(2)/NP/CO,,,,EN2/NP/CO,EN2/NP/CO,EN2/NP/CO,,,,EN2/NP/CO,,,,,,,,,,,,,,,,,,,,,,,,,,,,,,,,,,,,,,,,,,,,,,,,,,,,,,,,,,,,,,,,,,,,,,,,,,,,,,,,,,,,,,
,KB,24,,,,#REF!,,,,,,,,,,,,,,,,,,,,,,,,,,,,,,,,,,,,,,,,,157,KB24,N0,,,,,,N0,,,,,,,NC,,,,,,,,N0,,,,,N0,,,,,,,N0,,,,,,,,,,,,,,,,,,,,,,,,,,,,,,,,,,,,,,,,,,,,,,,,,,,,,,,,,,,,,,,,,,,,,,,,,,,,,,,,,,,,
,KB,25,1,GRETI,,#REF!,,61,66,0,7.3,4,65,0,5,1,67,79,82,1,1,90,97,4,4,93,,98,,,,,,,PF91062,,,96,90,4,0,4,,,,,157,KB25,,,,,,,N4,,,,,,,N4,,,,,,,,EN4/7.3(4)/NP/CO,,,,EN5/TS/NDX/GRETI,,,,,,"MWs given, small pot",MWs taken,MWs taken,MWs taken,EN5/TS/GRETI,EN5/TS/GRETI/MWY,YN1/EN4/NP,,YN4/EN1/FA/GRETI probiotic,YN4/EN1/FA probiotic,YN4/EN1/FP probiotic,probiotic,probiotic,,"probiotic+vc removed at 1:30 (vc removed is incorrect I think, ss 14/7/2022)",FS3/4+probiotic,PROBIOTIC,Probiotic,"probiotic, missed trapping here by accident as trapped at IN25 instead",probiotic,probiotic,probiotic,probiotic,FS female,,,,,,,,,,,,,,,,,,,,,,,,,,,,,,,,,,,,,,,,,,,,,,,,,,,,,,,,,,,,,,,
,KB,26,,,,#REF!,,,,,,,,,,,,,,,,,,,,,,,,,,,,,,,,,,,,,,,,,157,KB26,N0,,,,,,N0,,,,,,,N0,,,,,,,,N0,,,,,N0,,,,,,,,,,,,,,,,,,,,,N0,,,,,,,,,,,,,,,,,,,,,,,,,,,,,,,,,,,,,,,,,,,,,,,,,,,,,,,,,,,,,,,,,,,,,,
,KB,27,,,,#REF!,Inaccessible,,,,,,,,,,,,,,,,,,,,,,,,,,,,,,,,,,,,,,,,,KB27,,,,,,,,,,,,,,,,,,,,,,,,,,,,,,,,,,,,,,,,,,,,,,,,,,,,,,,,,,,,,,,,,,,,,,,,,,,,,,,,,,,,,,,,,,,,,,,,,,,,,,,,,,,,,,,,,,,,,,
,KB,28,1,BLUTI,,#REF!,Verify new nest,,,,2.6,2,65,,,,,,,,,,,,,,,,,,,,,,,,,,,,,,1,,,,157,KB28,,,,,,,N3,,,,,,,N5,,,,,,,,EN2/EW2.6(2)/NP/CO,,,,,EN7/NP/LW,EN2+/FP/NDX/TS/BLUTI,,,,,,,,,,,,,,,,,,,,YN6/FP/BLUTI,,,,,,,,,,,,,,,,,,,,,,,,,,,,,,,,,,,,,,,,,,,,,,,,,,,,,,,,,,,,,,,,,,,,,,
,KB,29,1,GRETI,,#REF!,,56,59,0,2.9,2,57,0,4,1,61,73,74,1,0,82,89,4,4,85,87,85,,,TX52594,,,,TW15303,,011017622B,88,82,4,0,4,0,,,,157,KB29,N1,,,,,,N5-Bees,,,,,,,EN2/EW2.9(2)/CO/NP,,,,,EN?/TS/FP/ND/GRETI,,,,,,,,Mws given,MWs not taken,,EN4?/FP. MWs not taken,Y3/E1?/FP gave small pot Control,YN4?/FP,YN4/control,"YN4 control, MWs confirmed being taken into nest",control,control,control,control + FS,,YN4 control,control,control + Female sampled + VC1109,control,control + removed VC1109,control,control + FS,,,,,,,,,,,,,,,,,,,,,,,,,,,,,,,,,,,,,,,,,,,,,,,,,,,,,,,,,,,,,,,,,,,,,,,,
,KB,30,1,BLUTI,,#REF!,,,,,4,4,65,,,,,,,,,,,,,,,,,,,,,,,,,,,,,,,,,,157,KB30,N0,,,,,,N0,,,,,,,N5,,,,,,,,EN5/EW4(4)/NP/CO,,,,,EN7/NP/CO,,,,,,,FP/BLUTI,,,,,,,,,,,,,,,,,,,,,,,,,,,,,,,,,,,,,,,,,,,,,,,,,,,,,,,,,,,,,,,,,,,,,,,,,,,,,,,,,,,,
,KB,40,,,,#REF!,Bumblebees in residence,,,,,,,,,,,,,,,,,,,,,,,,,,,,,,,,,,,,,,,,157,KB40,,,,,,,N5-Bees,,,,,,,Bees,,,,,,,,No bees present,,,,,BEES,,,,,,,BEES,,,,,,,,,,,,,,,,,,,,,,,,,,,,,,,,,,,,,,,,,,,,,,,,,,,,,,,,,,,,,,,,,,,,,,,,,,,,,,,,,,,,
,KB,43,,,,#REF!,,,,,,,,,,,,,,,,,,,,,,,,,,,,,,,,,,,,,,,,,157,KB43,N0,,,,,,NC,,,,,,,NC,,,,,,,,NC,,,,,NC,,,,,,,N0,,,,,,,,,,,,,,N0,,,,,,,,,,,,,,,,,,,,,,,,,,,,,,,,,,,,,,,,,,,,,,,,,,,,,,,,,,,,,,,,,,,,,,
,KB,52,,,,#REF!,,,,,1.1,1,65,,,1,68,80,,,,,,,,,,,,,,,,,,,,,,,,,2,,,,157,KB52,N0,,,,,,N4,,,,,,,N5,,,,,,,,EN5/EW1.1(1)/NP/CO,,,,,EN7/NP/WA,,,,,,,,,,,,,,,,,,,,,,,,,,,,,,,,,,,,,,,,,,,,,,,,,,,,,,,,,,,,,,,,,,,,,,,,,,,,,,,,,,,,,,,,,,,
,KB,57,,,,#REF!,Dead coati (unr)+1E removed 13/4,,,,,,,,,,,,,,,,,,,,,,,,,,,,,,,,,,,,,,,,157,KB57,,,,,,,N0,,,,,,,N4,,,,,,,,N2,,,,,N2,,,,,,,N3,,,,,,,,,,,,,,N2,,,,,,,,,,,,,,,,,,,,,,,,,,,,,,,,,,,,,,,,,,,,,,,,,,,,,,,,,,,,,,,,,,,,,,
,KB,61,,,,#REF!,,,,,,,,,,,,,,,,,,,,,,,,,,,,,,,,,,,,,,,,,157,KB61,N0,,,,,,N0,,,,,,,N0,,,,,,,,N0,,,,,N0,,,,,,,N0,,,,,,,,,,,,,,N0,,,,,,,,,,,,,,,,,,,,,,,,,,,,,,,,,,,,,,,,,,,,,,,,,,,,,,,,,,,,,,,,,,,,,,
,KB,108,,,,#REF!,Verify new nest,,,,,,,,,,,,,,1,,,,,,,,,,,,,,,,,,,,,,,,,,157,KB108,N3,,,,,,N4,,,,,,,N4,,,,,,,,Cleared out old nest,,,,,N0,,,,,,,N0,,,,,,,,,,,,,,,,,,,,,,,,,,,,,,,,,,,,,,,,,,,,,,,,,,,,,,,,,,,,,,,,,,,,,,,,,,,,,,,,,,,,
,KB,121,,,,#REF!,,,,,,,,,,,,,,,,,,,,,,,,,,,,,,,,,,,,,,,,,157,KB121,N0,,,,,,N0,,,,,,,N0,,,,,,,,N0,,,,,N0,,,,,,,N0,,,,,,,,,,,,,,,,,,,,,,,,,,,,,,,,,,,,,,,,,,,,,,,,,,,,,,,,,,,,,,,,,,,,,,,,,,,,,,,,,,,,
,KB,131,,,,#REF!,No waypoint,,,,,,,,,,,,,,,,,,,,,,,,,,,,,,,,,,,,,,,,,KB131,,,,,,,,,,,,,,,,,,,,,,,,,,,,,,,,,,,,,,,,,,,,,,,,,,,,,,,,,,,,,,,,,,,,,,,,,,,,,,,,,,,,,,,,,,,,,,,,,,,,,,,,,,,,,,,,,,,,,,
,KB,132,,,,#REF!,,56,,,2,2,57,,,1,63,75,,,,,,,,,,,,,,,,,,,,,,,,,,,,,157,KB132,N2,,,,,,N5,,,,,,,EN2/EW2(2)/NP/CO,,,,,,,,EN7/NP/WA,,,,,,,,,,,,,,,,,,,,,,YN2+/BLUTI?,,,,,,,,,,,,,,,,,,,,,,,,,,,,,,,,,,,,,,,,,,,,,,,,,,,,,,,,,,,,,,,,,,,,,,,,,,
,KB,137,,,,#REF!,,,,,,,,,,,,,,,,,,,,,,,,,,,,,,,,,,,,,,,,,157,KB137,N0,,,,,,N0,,,,,,,N0,,,,,,,,N0,,,,,N0,,,,,,,N0,,,,,,,,,,N0,,,,,,,,,,,,,,,,,,,,,,,,,,,,,,,,,,,,,,,,,,,,,,,,,,,,,,,,,,,,,,,,,,,,,,,,,,
,KB,151,1,GRETI,,#REF!,,63,68,0,5.2,3,65,0,6,1,76,88,88,1,0,96,103,4,4,99,99,,,,PF91067,,110176776,,,,,102,96,4,1,4,1,E,,,157,KB151,N0,,,,,,NC,,,,,,,N2,,,,,,,,EN3/EW5.2(3)/NP/CO,,,,EN6/NP/CO,EN6/NP/CO,EN6/NP/CO,EN6/NP/CO,EN6/NP/CO,FP/GRETI,EN6/NP/CO,EN6/NP/WA/GRETI,,,,,,,,gave small pot,MWY,,MWY,YN5?/FP/control,control,FP/YN5?+CONTROL,YN5/control,CONTROL,YN4/DY1/control,control,control,control+FS,control,control,control+FS M + VC1134,control,control,control+retrieved VC1134(SD-B4) but batteries died so replaced,control+FS,,,,,,,,,,,,,,,,,,,,,,,,,,,,,,,,,,,,,,,,,,,,,,,,,,,,,,,,,,
,KB,158,1,GRETI,,#REF!,Verify new nest,56,58,0,5.7,3,62,0,3,1,63,75,75,1,1,83,90,1,1,86,,87,,,,,,,TX52596,,0700EE0397,89,83,1,1,1,1,B,,,157,KB158,,,,,,,N3,,,,,,,EN2(?)/TS/NDX/GRETI,,,,,EN3/NP/CO/EW5.7(3),,,EN?/FP/GRETI,,,,,FP/GRETI,,Gave Mws,MWSnot taken,MW taken,YN2/EN1/FP/GRETI,YN2/EN1/PROBIOTIC,YN1/EN1/FP 1 chick MIA PROBIOTIC,Probiotic,Probiotic,probiotic,probiotic,probiotic,probiotic + FS,,probiotic,,probiotic + Fe trapped,probiotic,probiotic+vc removed at 1:30,FS1/1+PROBIOTIC,,,,,,,,,,,,,,,,,,,,,,,,,,,,,,,,,,,,,,,,,,,,,,,,,,,,,,,,,,,,,,,,,,,,,,,
,KB,905,1,BLUTI,,#REF!,Cleaned out old nest 13/4,,,,,,,,,,,,,,,,,,,,,,,,,,,,,,,,,,,,,,,,157,KB905,N0,,,,,,N0,,,,,,,N0,,,,,,,,N0,,,,,N3,,,,,,,FP/BLUTI,,,,,,,,,,,,,,,,,,,,,,,,,,,,,,,,,,,,,,,,,,,,,,,,,,,,,,,,,,,,,,,,,,,,,,,,,,,,,,,,,,,,
,KB,908,1,GRETI,,#REF!,,54,57,0,7.9,4,57,0,6,1,58,70,74,1,0,82,89,6,6,85,,85,,,,,,,S873503,ND8,01101760F6,88,82,6,0,0,0,,,,157,KB908,N3,,,,,,N4,,,,,,,EN6/EW7.9(4)/NP/CO,,,,,EN6/NP/WA,,,EN6/WA/NP,,,,,EN6/FP/FA. Mws given,EN6/FP/FA. MWs not taken,EN6/FP/WA,EN6/FP/FA. MWs not taken,YN6 control+60MWs,,CONTROL,YN6 control,YN6 control,,control,control,control + FS,control,,YN6 + control,control VC1134(SD-K2?),control,control,FS,,,,,,,,,,,,,,,,,,,,,,,,,,,,,,,,,,,,,,,,,,,,,,,,,,,,,,,,,,,,,,,,,,,,,,,,
,KB,909,,,,#REF!,,,,,,,,,,,,,,,,,,,,,,,,,,,,,,,,,,,,,,,,,157,KB909,N0,,,,,,N0,,,,,,,N0,,,,,,,,N0,,,,,N0,,,,,,,N0,,,,,,,,,,,,,,,,,,,,,,,,,,,,,,,,,,,,,,,,,,,,,,,,,,,,,,,,,,,,,,,,,,,,,,,,,,,,,,,,,,,,
,KB,910,1,GRETI,,#REF!,ABANDONED AFTER TRAPPING FEMALE,59,65,0,,,,,6,1,64,76,80,1,1,88,95,5,0,91,,91,,,,,,,TW15317,WN3,110175151,94,88,4,1,0,1,A,4,"TX52597, TX52598, TX52599, TX52600",157,KB910,N0,,,,,,N2,,,,,,,N5,,,,,,,,EN6/WA/SB20+/FA/GRETI,,,,,,,Gave MWs,,,,EN6/FP/FA,EN6/GRETI MWs taken,EN6/FP/FA/GRETI,EN6/FP/FA/MWY,YN4/EN2/FA/GRETI/CONTROL,control,,control,control,control,control,control,,control,control,YN5/Control,"DY5(unr, TX52597,98,99,TX52600)- abandoned after trapping adults",,,,,,,,,,,,,,,,,,,,,,,,,,,,,,,,,,,,,,,,,,,,,,,,,,,,,,,,,,,,,,,,,,,,,
,KB,913,,,,#REF!,,,,,,,,,,,,,,,,,,,,,,,,,,,,,,,,,,,,,,,,,157,KB913,N0,,,,,,N2,,,,,,,N5,,,,,,,,N5,,,,,N5,,,,,,,N5,,,,,,,,,,,,,,N5,,,,,,,,,,,,,,,,,,,,,,,,,,,,,,,,,,,,,,,,,,,,,,,,,,,,,,,,,,,,,,,,,,,,,,
,KB,916,1,GRETI,,#REF!,,60,63,0,5.1,3,65,0,3,1,61,73,77,1,1,85,92,2,1,88,,89,,,,,,,TW15053,RU1,0700EDBBBE,91,85,1,1,1,1,B,,,,KB916,,,,,,,N3,,,,,,,N5,,,,,,,,EN3/EW5.1(3)/NP/WA,,,,EN3/FP/FA/GRETI,EN3/FP/FA/GRETI. MWs given,,,EN3/NP. MWs taken,EN3/FP/FA MW taken,,EN3/NP/CO,YN2/EN1/FP/FA/GRETI control,YN2/EN1,control,control,YN2/FP/GRETI/control,YN2/EN1/GRETI control,control,control,control + FS,control,control,,trapped Fe,control,control,YN1/EN1/CONTROL/FS,,,,,,,,,,,,,,,,,,,,,,,,,,,,,,,,,,,,,,,,,,,,,,,,,,,,,,,,,,,,,,,,,,,,,
,KB,922,1,GRETI,,#REF!,Vandalised. Eggs broken.,55,,,5.75,3,57,,,1,60,72,,,,,,,,,,,,,,,,,,,,,,,,,,,,,157,KB922,N0,,,,,,N2,,,,,,,EN3/EW5.75(3)/CO/NP,,,,,EN5/SB20+/ND/WA/GRETI,,,,,,,,Vandalised. Eggs broken.,,,,,,,,,,,,,,,,,,,,,,,,,,,,,,,,,,,,,,,,,,,,,,,,,,,,,,,,,,,,,,,,,,,,,,,,,,,,,,,,,,,,,,,,,,,
,KB,924,,,,#REF!,"Fallen trees, inaccessible",,,,,,,,,,,,,,,,,,,,,,,,,,,,,,,,,,,,,,,,,KB924,,,,,,,,,,,,,,,,,,,,,,,,,,,,,,,,,,,,,,,,,,,,,,,,,,,,,,,,,,,,,,,,,,,,,,,,,,,,,,,,,,,,,,,,,,,,,,,,,,,,,,,,,,,,,,,,,,,,,,
,KB,927,,,,#REF!,,,,,,,,,,,,,,,,,,,,,,,,,,,,,,,,,,,,,,,,,157,KB927,NC,,,,,,NC,,,,,,,NC,,,,,,,,N1,,,,,NC,,,,,,,NC,,,,,,,,,,NC,,,,,,,,,,,,,,,,,,,,,,,,,,,,,,,,,,,,,,,,,,,,,,,,,,,,,,,,,,,,,,,,,,,,,,,,,,
,KB,932,,,,#REF!,,54,,,4.7,4,57,,,1,60,72,,,,,,,,,,,,,,,,,,,,,,,,,1,,,,157,KB932,,,,,,,N5,,,,,,,EN4/EW4.7(4)/CO/NP,,,,,,,,EN6/WA/NP,,,,,,,,,,,,,,,,,chicks,,,,,,,,,,,,,,,,,,,,,,,,,,,,,,,,,,,,,,,,,,,,,,,,,,,,,,,,,,,,,,,,,,,,,,,,,,,,,,,
,,,,,,,,,,,,,,,,,,,,,,,,,,,,,,,,,,,,,,,,,,,,,,,,,,,,,,,,,,,,,,,,,,,,,,,,,,,,,,,,,,,,,,,,,,,,,,,,,,,,,,,,,,,,,,,,,,,,,,,,,,,,,,,,,,,,,,,,,,,,,,,,,,,,,,,,,,,,,,,,,,,,,,
,TOTAL,,57,,,,,,,,,,,,,,,,,,,,,,,,,,,,,,,,,,,,,,,,,,,,,,,,,,,,,,,,,,,,,,,,,,,,,,,,,,,,,,,,,,,,,,,,,,,,,,,,,,,,,,,,,,,,,,,,,,,,,,,,,,,,,,,,,,,,,,,,,,,,,,,,,,,,,,,,,,,,,,,,,,,