rowname,Nest,Sample.ID,Bird.ID,Date,Day,Ring.Mark,Colour.Ring,pit.Tag,Site,Chick.LetterID,Age.code,Age.category,Sex,feather.Size,Wing_mm,Tarsus_mm,Weight_g,Faecal.Sample,Breeding,newRing,Treatment,Notes,Main.sample,Plate,Plate_sample_no.,Plate_well,Azenta_ID,Azenta_noPeriod,Qubit_prePCR,Qubit_prePool,Date_extracted,SampleType,Extraction_notes,LibPrep_notes,Ring.Mark.lab,Post_lab_notes,NumberOfReads,DistanceToEdge,BroodSize.D8,BroodSize.D15,firstEggLayDate,lastEggLayDate,Observed,Chao1,se.chao1,Shannon
CB02xAxD8xP1,CB2,CB2.A.D8,CB2.A,27/05/2021,88,PF91002,NA,NA,CB,A,1,D8,NA,FS,21,16,11.3,D8,NA,Y,Control,NA,Main,1,50,E2,CB02.A.D8,CB02xAxD8xP1,12.6,40.8,23/09/2022,main,,,PF91002,NA,35243,27.07425226,4,4,64,67,28,28,0,1.465250275
CB20xFexP3,KB20,KB20.Fe,KB20.Fe,25/05/2021,86,VZ80567,YM3,01105E17F1,KB,Fe,6,Adult,F,NA,70,21.2,17.4,Adult,NA,N,L. kimchicus,NA,Main,3,76,G4,CB20.Fe,CB20xFexP3,0,16.8,NA,repeat.swapIn,,repeat,VZ80567,NA,11647,44.65107509,4,4,57,60,211,211,0.234160755,3.473621833
CB23xAxD15xP1,CB23,CB23.A.D15,CB23.A,03/06/2021,95,PF91006,NA,NA,CB,A,1,D15,NA,FM,50,20,19,D15,NA,N,Control,NA,Main,1,56,E8,CB23.A.D15,CB23xAxD15xP1,1.81,20.9,23/09/2022,main,,,PF91006,NA,12265,42.34661884,4,4,61,64,561,561.0089286,1.263440344,4.412620496
CB23xBxD15xP3,CB23,CB23.B.D15,CB23.B,03/06/2021,95,PF91007,NA,NA,CB,B,1,D15,NA,FM,47,19.3,18.1,D15,NA,N,Control,NA,Main,3,20,B8,CB23.B.D15,CB23xBxD15xP3,1.42,27.7,04/10/2022,main,,,PF91007,NA,12156,42.34661884,4,4,61,64,304,304,0.166810038,3.432185652
CB23xCxD15xP3,CB23,CB23.C.D15,CB23.C,03/06/2021,95,PF91008,NA,NA,CB,C,1,D15,NA,FM,48,19.4,17.7,D15,NA,N,Control,NA,Main,3,8,A8,CB23.C.D15,CB23xCxD15xP3,2.45,23.4,04/10/2022,main,,,PF91008,NA,14091,42.34661884,4,4,61,64,638,638,1.075652976,4.678842222
CB23xCxD8xP2,CB23,CB23.C.D8,CB23.C,27/05/2021,88,PF91008,NA,NA,CB,C,1,D8,NA,FS,22,NA,12.2,D8,NA,Y,Control,Heavy rain so skipped tarsus measurement,Main,2,14,B2,CB23.C.D8,CB23xCxD8xP2,0.266,19.2,28/09/2022,main,,,PF91008,NA,31119,42.34661884,4,4,61,64,183,183.0769231,0.322386676,2.303150947
CB23xDxD15xP2,CB23,CB23.D.D15,CB23.D,03/06/2021,95,PF91009,NA,NA,CB,D,1,D15,NA,FM,48,20,18.1,D15,NA,N,Control,NA,Main,2,68,F8,CB23.D.D15,CB23xDxD15xP2,0.368,30.5,30/09/2022,main,,,PF91009,NA,30869,42.34661884,4,4,61,64,503,503,0.313024993,3.466608305
CB23xDxD8xP1,CB23,CB23.D.D8,CB23.D,27/05/2021,88,PF91009,NA,NA,CB,D,1,D8,NA,FS,22,NA,13.4,D8,NA,Y,Control,Heavy rain so skipped tarsus measurement,Main,1,91,H7,CB23.D.D8,CB23xDxD8xP1,1.1,36.6,27/09/2022,main,,,PF91009,NA,17656,42.34661884,4,4,61,64,114,114,0,2.516530537
CB26xAxD8xP1,CB26,CB26.A.D8,CB26.A,21/05/2021,82,TX52571,NA,NA,CB,A,1,D8,NA,NA,21,16.5,NA,D8,NA,Y,Control,NA,Main,1,82,G10,CB26.A.D8,CB26xAxD8xP1,2.5,21.5,27/09/2022,main,,,TX52571,NA,22468,33.03736257,4,2,54,59,483,483,0.925979558,3.538538941
CB26xBxD15xP2,CB26,CB26.B.D15,CB26.B,28/05/2021,89,TX52570,NA,NA,CB,B,1,D15,NA,FS,43,19.5,15.7,D15,NA,N,Control,NA,Main,2,44,D8,CB26.B.D15,CB26xBxD15xP2,14.5,29.6,29/09/2022,main,,,TX52570,NA,32533,33.03736257,4,2,54,59,70,70,0,1.524125989
CB26xBxD8xP2,CB26,CB26.B.D8,CB26.B,21/05/2021,82,TX52570,NA,NA,CB,B,1,D8,NA,NA,20,16,11.9,D8,NA,Y,Control,NA,Main,2,52,E4,CB26.B.D8,CB26xBxD8xP2,2.8,29.8,30/09/2022,main,,,TX52570,NA,22346,33.03736257,4,2,54,59,342,342,0.608781429,3.515570707
CB26xFexP3,CB26,CB26.Fe,CB26.Fe,29/05/2021,90,PF91020,NA,NA,CB,Fe,5,Adult,F,NA,68,20.5,17.6,Adult,BP4,Y,Control,NA,Main,3,68,F8,CB26.Fe,CB26xFexP3,0,11.5,NA,repeat.swapIn,,repeat,PF91020,NA,78054,33.03736257,4,2,54,59,164,164,0.249241273,2.679028767
CB26xMxP3,CB26,CB26.M,CB26.M,29/05/2021,90,PF91021,NA,NA,CB,M,6,Adult,M,NA,76,21.1,19.4,Adult,CP,Y,Control,Used same sampling apparatus as CB26.Fe but samples were separate on sampling tray so contamination unlikely.,Main,3,12,A12,CB26.M,CB26xMxP3,0.062,31.2,04/10/2022,main,small sample,,PF91021,NA,23121,33.03736257,4,2,54,59,98,98,0,2.297678126
CB2xAxD15xP3,CB2,CB2.A.D15,CB2.A,03/06/2021,95,PF91002,NA,NA,CB,A,1,D15,NA,FM,NA,NA,14.8,D15,NA,N,Control,Cant hear wing length or tarsus clearly on voice memo. Wing is 40-something and tarssus 19.x,Main,3,56,E8,CB2.A.D15,CB2xAxD15xP3,0.559,28.1,05/10/2022,main,,,PF91002,NA,44090,27.07425226,4,4,64,67,61,61,0,1.604475813
CB2xBxD15xP2,CB2,CB2.B.D15,CB2.B,03/06/2021,95,PF91003,NA,NA,CB,B,1,D15,NA,FM,50,20.3,16.4,D15,NA,N,Control,NA,Main,2,90,H6,CB2.B.D15,CB2xBxD15xP2,0.09,21.5,NA,repeat.swapIn,,"PLATE 1 repeat, failed initial PCR amplification",PF91003,NA,48448,27.07425226,4,4,64,67,89,89.33333333,0.9251019,1.781726154
CB2xBxD8xP2,CB2,CB2.B.D8,CB2.B,27/05/2021,88,PF91003,NA,NA,CB,B,1,D8,NA,FS,26,18,14,D8,NA,Y,Control,NA,Main,2,17,B5,CB2.B.D8,CB2xBxD8xP2,0.335,26.6,28/09/2022,main,,,PF91003,NA,40432,27.07425226,4,4,64,67,30,30,0,1.486918949
CB2xCxD8xP2,CB2,CB2.C.D8,CB2.C,27/05/2021,88,PF91004,NA,NA,CB,C,1,D8,NA,FS,25,18,13.5,D8,NA,Y,Control,NA,Main,2,1,A1,CB2.C.D8,CB2xCxD8xP2,0,30.9,27/09/2022,main,,,PF91004,NA,14896,27.07425226,4,4,64,67,186,186,0,2.580942877
CB2xDxD15xP3,CB2,CB2.D.D15,CB2.D,03/06/2021,95,PF91047,NA,NA,CB,D,1,D15,NA,FS,51,18.7,14.2,D15,NA,Y,Control,NA,Main,3,17,B5,CB2.D.D15,CB2xDxD15xP3,0,22.1,04/10/2022,main,,,PF91047,NA,68838,27.07425226,4,4,64,67,83,83,0,2.465620057
CB2xFexP3,CB2,CB2.Fe,CB2.Fe,30/05/2021,91,NZ05643,GU0,0700EDED32,CB,Fe,6,Adult,F,NA,75,19.7,18.4,Adult,BP4,N,Control,NA,Main,3,73,G1,CB2.Fe,CB2xFexP3,0,19.7,NA,repeat.swapIn,,repeat,NZ05643,NA,24974,27.07425226,4,4,64,67,210,210,0.273071254,2.837902475
CB2xMxP2,CB2,CB2.M,CB2.M,30/05/2021,91,PF91033,NA,0110176C2E,CB,M,6,Adult,M,NA,72,21.1,17.9,Adult,CP,Y,Control,NA,Main,2,59,E11,CB2.M,CB2xMxP2,0.059,25.5,30/09/2022,main,small sample,,PF91033,NA,36755,27.07425226,4,4,64,67,53,53,0,1.86532814
CB39xAxD8xP3,CB39,CB39.A.D8,CB39.A,27/05/2021,88,UNR,NA,NA,CB,A,1,D8,NA,FS,16,13.4,10.1,D8,NA,N,L. kimchicus,Too small to ring.,Main,3,44,D8,CB39.A.D8,CB39xAxD8xP3,1.27,23.2,05/10/2022,main,,,UNR,NA,30759,24.45481084,2,1,68,69,268,268,0.01559593,2.071648015
CB39xBxD8xP3,CB39,CB39.B.D8,CB39.B,27/05/2021,88,PF91005,NA,NA,CB,B,1,D8,NA,FS,18,14.9,11,D8,NA,Y,L. kimchicus,NA,Main,3,2,A2,CB39.B.D8,CB39xBxD8xP3,0.802,24.5,04/10/2022,main,,,PF91005,NA,14468,24.45481084,2,1,68,69,267,267.037037,0.717014516,3.986469815
CB39xFexP3,CB39,CB39.Fe,CB39.Fe,31/05/2021,92,VZ80761,YB8,110176968,CB,Fe,6,Adult,F,NA,73,20.2,NA,Adult,BP4,N,L. kimchicus,Dont appear to have taken weight,Main,3,52,E4,CB39.Fe,CB39xFexP3,0,11.9,05/10/2022,main,,,VZ80761,NA,39283,24.45481084,2,1,68,69,42,42,0,3.18710072
CB56xAxD15xP1,CB56,CB56.A.D15,CB56.A,07/06/2021,99,PF91029,NA,NA,CB,A,1,D15,NA,FM,53,20.1,19.5,D15,NA,N,L. kimchicus,NA,Main,1,57,E9,CB56.A.D15,CB56xAxD15xP1,5.73,30,23/09/2022,main,,,PF91029,NA,12779,30.18853793,4,4,65,69,376,376,1.375459935,3.536163642
CB56xAxD8xP2,CB56,CB56.A.D8,CB56.A,30/05/2021,91,PF91029,NA,NA,CB,A,1,D8,NA,FS,21,15.7,12.2,D8,NA,Y,L. kimchicus,NA,Main,2,35,C11,CB56.A.D8,CB56xAxD8xP2,2.16,23.5,29/09/2022,main,,,PF91029,NA,18232,30.18853793,4,4,65,69,665,665.0119048,0.911960493,5.418882864
CB56xBxD15xP1,CB56,CB56.B.D15,CB56.B,07/06/2021,99,PF91031,NA,NA,CB,B,1,D15,NA,FM,51,20.9,19.8,D15,NA,N,L. kimchicus,NA,Main,1,72,F12,CB56.B.D15,CB56xBxD15xP1,25,24.1,23/09/2022,main,,,PF91031,NA,10268,30.18853793,4,4,65,69,301,301,0.495671288,4.077556642
CB56xBxD8xP3,CB56,CB56.B.D8,CB56.B,30/05/2021,91,PF91031,NA,NA,CB,B,1,D8,NA,FS,19,15.3,11.8,D8,NA,Y,L. kimchicus,NA,Main,3,3,A3,CB56.B.D8,CB56xBxD8xP3,7.34,26.8,04/10/2022,main,,,PF91031,NA,12214,30.18853793,4,4,65,69,51,51,0,0.704842466
CB56xCxD15xP1,CB56,CB56.C.D15,CB56.C,07/06/2021,99,PF91030,NA,NA,CB,C,1,D15,NA,FM,51,19.3,19.1,D15,NA,N,L. kimchicus,NA,Main,1,30,C6,CB56.C.D15,CB56xCxD15xP1,4.2,17,22/09/2022,main,Fire alarm.,,PF91030,NA,27867,30.18853793,4,4,65,69,619,619,0.754279361,3.280024356
CB56xCxD8xP3,CB56,CB56.C.D8,CB56.C,30/05/2021,91,PF91030,NA,NA,CB,C,1,D8,NA,FS,21,14.8,12.8,D8,NA,Y,L. kimchicus,NA,Main,3,48,D12,CB56.C.D8,CB56xCxD8xP3,16.4,29.3,05/10/2022,main,,,PF91030,NA,40226,30.18853793,4,4,65,69,112,112,0.358741158,0.776779621
CB62xAxD15xP1,CB62,CB62.A.D15,CB62.A,28/05/2021,89,TX52572,NA,NA,CB,A,1,D15,NA,FM,49,18.6,15.5,D15,NA,N,L. kimchicus,NA,Main,1,80,G8,CB62.A.D15,CB62xAxD15xP1,17.5,35.4,27/09/2022,main,,,TX52572,NA,42031,19.27215835,6,6,55,60,65,65,0,0.713793366
CB62xAxD8xP2,CB62,CB62.A.D8,CB62.A,21/05/2021,82,TX52572,NA,NA,CB,A,1,D8,NA,NA,21,15.2,11.7,D8,NA,Y,L. kimchicus,NA,Main,2,28,C4,CB62.A.D8,CB62xAxD8xP2,4.26,31.3,29/09/2022,main,,,TX52572,NA,42303,19.27215835,6,6,55,60,118,118,0.029288959,1.028898763
CB62xBxD15xP3,CB62,CB62.B.D15,CB62.B,28/05/2021,89,TX52573,NA,NA,CB,B,1,D15,NA,FM,50,21.4,19,D15,NA,N,L. kimchicus,NA,Main,3,78,G6,CB62.B.D15,CB62xBxD15xP3,0,24.8,04/10/2022,repeat.swapIn,,"repeat, changed from blank to CB62.B.d15",TX52573,NA,37138,19.27215835,6,6,55,60,52,52,0.049526056,0.997430926
CB62xBxD8xP1,CB62,CB62.B.D8,CB62.B,21/05/2021,82,TX52573,NA,NA,CB,B,1,D8,NA,NA,26,16.8,14.8,D8,NA,Y,L. kimchicus,NA,Main,1,76,G4,CB62.B.D8,CB62xBxD8xP1,0.096,25.7,27/09/2022,main,,,TX52573,NA,40677,19.27215835,6,6,55,60,149,149,0.166117516,1.061189573
CB62xCxD15xP2,CB62,CB62.C.D15,CB62.C,28/05/2021,89,TX52574,NA,NA,CB,C,1,D15,NA,FM,50,20.8,18.6,D15,NA,N,L. kimchicus,NA,Main,2,12,A12,CB62.C.D15,CB62xCxD15xP2,2.02,34.5,28/09/2022,main,,,TX52574,NA,43517,19.27215835,6,6,55,60,59,59,0,0.655766738
CB62xCxD8xP2,CB62,CB62.C.D8,CB62.C,21/05/2021,82,TX52574,NA,NA,CB,C,1,D8,NA,NA,25,NA,14.7,D8,NA,Y,L. kimchicus,NA,Main,2,40,D4,CB62.C.D8,CB62xCxD8xP2,1.79,27.1,29/09/2022,main,,,TX52574,NA,25279,19.27215835,6,6,55,60,47,47,0,1.332029781
CB62xDxD15xP2,CB62,CB62.D.D15,CB62.D,28/05/2021,89,TX52575,NA,NA,CB,D,1,D15,NA,FM,45,19.4,14.6,D15,NA,N,L. kimchicus,NA,Main,2,56,E8,CB62.D.D15,CB62xDxD15xP2,11.3,27.4,30/09/2022,main,,,TX52575,NA,57293,19.27215835,6,6,55,60,77,77,0,0.771231645
CB62xDxD15xP3,CB62,CB62.F.D15,CB62.F,28/05/2021,89,PF91014,NA,NA,CB,F,1,D15,NA,FM,47,21.3,19.5,D15,NA,Y,L. kimchicus,No D8 data,Main,3,22,B10,CB62.D.D15,CB62xDxD15xP3,7.73,26.4,04/10/2022,main,,,PF91014,NA,57068,19.27215835,6,6,55,60,47,47,0,0.83290417
CB62xDxD8xP2,CB62,CB62.D.D8,CB62.D,21/05/2021,82,TX52575,NA,NA,CB,D,1,D8,NA,NA,22,16,11.5,D8,NA,Y,L. kimchicus,NA,Main,2,67,F7,CB62.D.D8,CB62xDxD8xP2,2.45,23.5,30/09/2022,main,,,TX52575,NA,28566,19.27215835,6,6,55,60,517,517,0.275717556,4.052137269
CB62xExD15xP1,CB62,CB62.E.D15,CB62.E,28/05/2021,89,PF91013,NA,NA,CB,E,1,D15,NA,FM,43,19.4,17.3,D15,NA,Y,L. kimchicus,No D8 data,Main,1,32,C8,CB62.E.D15,CB62xExD15xP1,53,28.4,22/09/2022,main,Fire alarm.,,PF91013,NA,99300,19.27215835,6,6,55,60,268,268,0.323526224,1.010994347
CB62xFexP3,CB62,CB62.Fe,CB62.Fe,29/05/2021,90,PF91022,NA,NA,CB,Fe,6,Adult,F,NA,75,20.4,18.6,Adult,BP4,Y,L. kimchicus,NA,Main,3,38,D2,CB62.Fe,CB62xFexP3,1.77,25.6,05/10/2022,main,,,PF91022,NA,21216,19.27215835,6,6,55,60,121,121.15,0.653197416,1.764470409
CB62xMxP1,CB62,CB62.M,CB62.M,29/05/2021,90,PF91019,NA,NA,CB,M,6,Adult,M,NA,77,20.2,17.4,Adult,CP,Y,L. kimchicus,NA,Main,1,11,A11,CB62.M,CB62xMxP1,25,45.9,21/09/2022,main,,,PF91019,NA,21710,19.27215835,6,6,55,60,13,13,0,0.219467137
DW11xAxD15xP2,DW11,DW11.A.D15,DW11.A,13/06/2021,NA,PF91064,NA,NA,DW,A,1,D15,NA,FS,44,19.7,15.3,D15,NA,N,Control,NA,Main,2,27,C3,DW11.A.D15,DW11xAxD15xP2,28.3,34.2,28/09/2022,main,,,PF91064,NA,21438,23.46285582,4,4,59,76,267,267,0.643665348,3.532124795
DW11xAxD8xP1,DW11,DW11.A.D8,DW11.A,06/06/2021,98,PF91064,NA,NA,DW,A,1,D8,NA,FS,18,15,10,D8,NA,Y,Control,NA,Main,1,75,G3,DW11.A.D8,DW11xAxD8xP1,9.36,32.6,27/09/2022,main,,,PF91064,NA,31077,23.46285582,4,4,59,76,120,120,0,1.287894373
DW11xBxD15xP3,DW11,DW11.B.D15,DW11.B,13/06/2021,NA,PF91063,NA,NA,DW,B,1,D15,NA,FS,44,20.3,14.5,D15,NA,N,Control,NA,Main,3,7,A7,DW11.B.D15,DW11xBxD15xP3,11.4,17.3,04/10/2022,main,,,PF91063,NA,48792,23.46285582,4,4,59,76,131,131,0.620342965,0.789304207
DW11xBxD8xP2,DW11,DW11.B.D8,DW11.B,06/06/2021,98,PF91063,NA,NA,DW,B,1,D8,NA,FS,22,15.5,11.4,D8,NA,Y,Control,NA,Main,2,78,G6,DW11.B.D8,DW11xBxD8xP2,38.9,20.5,04/10/2022,main,,,PF91063,NA,38930,23.46285582,4,4,59,76,110,110,0,1.595020133
DW11xCxD15xP3,DW11,DW11.C.D15,DW11.C,13/06/2021,NA,PF91066,NA,NA,DW,C,1,D15,NA,FM,47,19.9,16.5,D15,NA,N,Control,NA,Main,3,33,C9,DW11.C.D15,DW11xCxD15xP3,6.79,22.7,05/10/2022,main,,,PF91066,NA,33784,23.46285582,4,4,59,76,331,331,0.419514271,1.935749815
DW11xCxD8xP1,DW11,DW11.C.D8,DW11.C,06/06/2021,98,PF91066,NA,NA,DW,C,1,D8,NA,FS,21,16.2,11.7,D8,NA,Y,Control,NA,Main,1,9,A9,DW11.C.D8,DW11xCxD8xP1,6.58,36.7,21/09/2022,main,,,PF91066,NA,25462,23.46285582,4,4,59,76,84,84,0,0.665422459
DW11xDxD15xP1,DW11,DW11.D.D15,DW11.D,13/06/2021,NA,PF91065,NA,NA,DW,D,1,D15,NA,FM,50,21.3,18.3,D15,NA,N,Control,NA,Main,1,63,F3,DW11.D.D15,DW11xDxD15xP1,9.99,34.7,23/09/2022,main,,,PF91065,NA,25836,23.46285582,4,4,59,76,118,118,0.234142906,0.799172857
DW11xDxD8xP1,DW11,DW11.D.D8,DW11.D,06/06/2021,98,PF91065,NA,NA,DW,D,1,D8,NA,FS,22,16.2,13.3,D8,NA,Y,Control,NA,Main,1,69,F9,DW11.D.D8,DW11xDxD8xP1,4.2,29.7,23/09/2022,main,,,PF91065,NA,18499,23.46285582,4,4,59,76,217,217,0.017816139,2.140748413
DW11xFexP2,DW11,DW11.Fe,DW11.Fe,09/06/2021,101,PF91072,NA,0700ED91AF,DW,Fe,6,Adult,F,NA,74,20.2,17.6,Adult,BP4,Y,Control,NA,Main,2,25,C1,DW11.Fe,DW11xFexP2,1.14,34.1,28/09/2022,main,,,PF91072,NA,30997,23.46285582,4,4,59,76,79,79,0,0.847496707
DW138xAxD8xP1,DW138,DW138.A.D8,DW138.A,28/06/2021,NA,UNR,NA,NA,DW,A,1,D8,NA,FS,14,11.8,7.3,D8,NA,N,Control,NA,Main,1,36,C12,DW138.A.D8,DW138xAxD8xP1,1.23,27.6,22/09/2022,main,Fire alarm.,,UNR,NA,16659,NA,1,0,96,100,317,317,0.680425511,3.48883321
DW138xFexP3,DW138,DW138.Fe,DW138.Fe,01/07/2021,123,PF91085,NA,0700EDDD35,DW,Fe,6,Adult,F,NA,70,19.7,16.9,Adult,BP4,Y,Control,NA,Main,3,13,B1,DW138.Fe,DW138xFexP3,0.099,9.56,04/10/2022,main,,,PF91085,NA,46699,NA,1,0,96,100,91,91,0.497275184,3.426368002
DW15xAxD15xP2,DW15,DW15.A.D15,DW15.A,08/06/2021,100,PF91039,NA,NA,DW,A,1,D15,NA,FS,35,17.9,14.4,D15,NA,N,L. kimchicus,NA,Main,2,89,H5,DW15.A.D15,DW15xAxD15xP2,0.07,6.63,NA,repeat.swapIn,,"PLATE 1 repeat, failed index PCR",PF91039,NA,24316,39.99921516,6,5,63,69,511,511,0.038424033,5.32803995
DW15xAxD8xP3,DW15,DW15.A.D8,DW15.A,01/06/2021,93,PF91039,NA,NA,DW,A,1,D8,NA,FS,16,13.5,9.7,D8,NA,Y,L. kimchicus,NA,Main,3,42,D6,DW15.A.D8,DW15xAxD8xP3,4.03,26.7,05/10/2022,main,,,PF91039,NA,30322,39.99921516,6,5,63,69,354,354,0.429684746,2.45070507
DW15xBxD15xP1,DW15,DW15.B.D15,DW15.B,08/06/2021,100,PF91041,NA,NA,DW,B,1,D15,NA,FS,36,19.4,15.6,D15,NA,N,L. kimchicus,NA,Main,1,12,A12,DW15.B.D15,DW15xBxD15xP1,0.185,21.5,21/09/2022,main,,,PF91041,NA,18035,39.99921516,6,5,63,69,605,605,0.133868391,5.228195532
DW15xBxD8xP3,DW15,DW15.B.D8,DW15.B,01/06/2021,93,PF91041,NA,NA,DW,B,1,D8,NA,FS,14,13.4,9.3,D8,NA,Y,L. kimchicus,NA,Main,3,36,C12,DW15.B.D8,DW15xBxD8xP3,13.3,28,05/10/2022,main,,,PF91041,NA,17507,39.99921516,6,5,63,69,337,337,0.611842554,3.216651266
DW15xCxD15xP3,DW15,DW15.C.D15,DW15.C,08/06/2021,100,PF91042,NA,NA,DW,C,1,D15,NA,FS,37,18.5,14.9,D15,NA,N,L. kimchicus,NA,Main,3,35,C11,DW15.C.D15,DW15xCxD15xP3,8.49,19.1,05/10/2022,main,,,PF91042,NA,17128,39.99921516,6,5,63,69,727,727,0.73209174,5.312468708
DW15xCxD8xP1,DW15,DW15.C.D8,DW15.C,01/06/2021,93,PF91042,NA,NA,DW,C,1,D8,NA,FS,14,12.7,8.8,D8,NA,Y,L. kimchicus,NA,Main,1,65,F5,DW15.C.D8,DW15xCxD8xP1,4.97,32.9,23/09/2022,main,,,PF91042,NA,17070,39.99921516,6,5,63,69,324,324,0.853112198,3.247553612
DW15xDxD15xP1,DW15,DW15.D.D15,DW15.D,08/06/2021,100,PF91071,NA,NA,DW,D,1,D15,NA,FS,34,18.2,14.9,D15,NA,Y,L. kimchicus,NA,Main,1,33,C9,DW15.D.D15,DW15xDxD15xP1,0.252,25.8,22/09/2022,main,Fire alarm.,,PF91071,NA,24140,39.99921516,6,5,63,69,179,179,0.632821398,2.206626145
DW15xDxD8xP2,DW15,DW15.D.D8,DW15.D,01/06/2021,93,BLUE RIGHT,NA,NA,DW,D,1,D8,NA,FS,14,NA,9.1,D8,NA,N,L. kimchicus,NA,Main,2,21,B9,DW15.D.D8,DW15xDxD8xP2,0.289,25.1,28/09/2022,main,,,PF91071,NA,24113,39.99921516,6,5,63,69,566,566,0.702910328,4.603211862
DW15xExD8xP3,DW15,DW15.E.D8,DW15.E,01/06/2021,93,PF91040,NA,NA,DW,E,1,D8,NA,FS,14,13.3,8.7,D8,NA,Y,L. kimchicus,NA,Main,3,18,B6,DW15.E.D8,DW15xExD8xP3,5.81,29,04/10/2022,main,,,PF91040,NA,19897,39.99921516,6,5,63,69,225,225,0.684935646,2.901971627
DW15xFex1xP2,DW15,DW15.Fe.1,DW15.Fe,04/06/2021,96,PF91052,NA,0700EDAD45,DW,Fe,6,Adult,F,NA,73,20,17.5,Adult,BP4,Y,L. kimchicus,NA,Main,2,77,G5,DW15.Fe.1,DW15xFex1xP2,3.04,19.6,04/10/2022,main,,,PF91052,NA,15150,39.99921516,6,5,63,69,345,345,0.017831394,4.578497434
DW15xMxP2,DW15,DW15.M,DW15.M,04/06/2021,96,PF91051,NA,0700EE06D1,DW,M,6,Adult,M,NA,75,20.3,18,Adult,CP,Y,L. kimchicus,NA,Main,2,15,B3,DW15.M,DW15xMxP2,2.84,29,28/09/2022,main,,,PF91051,NA,23576,39.99921516,6,5,63,69,104,104,0.165863449,1.644544814
DW27xAxD15xP1,DW27,DW27.A.D15,DW27.A,06/06/2021,98,PF91034,NA,NA,DW,A,1,D15,NA,FM,49,19.1,13.3,D15,NA,N,Control,NA,Main,1,81,G9,DW27.A.D15,DW27xAxD15xP1,16.8,31.7,27/09/2022,main,Was on this sheet as incorrectly 'DW27.C.D15' but tube labelled Dw27.A,,PF91034,NA,50065,21.19025394,4,4,64,67,26,26,0,0.562047287
DW27xAxD8xP3,DW27,DW27.A.D8,DW27.A,30/05/2021,91,PF91034,NA,NA,DW,A,1,D8,NA,FS,21,15.5,12.1,D8,NA,Y,Control,NA,Main,3,34,C10,DW27.A.D8,DW27xAxD8xP3,8.17,25.3,05/10/2022,main,,,PF91034,NA,44361,21.19025394,4,4,64,67,30,30,0,1.434331407
DW27xBxD15xP2,DW27,DW27.B.D15,DW27.B,06/06/2021,98,PF91035,NA,NA,DW,B,1,D15,NA,FM,44,19.5,14.5,D15,NA,N,Control,NA,Main,2,30,C6,DW27.B.D15,DW27xBxD15xP2,21.5,35.5,29/09/2022,main,,,PF91035,NA,51116,21.19025394,4,4,64,67,65,65,0,0.683104996
DW27xBxD8xP1,DW27,DW27.B.D8,DW27.B,30/05/2021,91,PF91035,NA,NA,DW,B,1,D8,NA,FS,20,15.9,12.1,D8,NA,Y,Control,NA,Main,1,89,H5,DW27.B.D8,DW27xBxD8xP1,4.81,21.6,27/09/2022,main,,,PF91035,NA,25679,21.19025394,4,4,64,67,40,40,0,0.725462676
DW27xCxD15xP2,DW27,DW27.C.D15,DW27.C,06/06/2021,98,PF91036,NA,NA,DW,C,1,D15,NA,FM,44,20.3,14.7,D15,NA,N,Control,NA,Main,2,39,D3,DW27.C.D15,DW27xCxD15xP2,24.9,26.5,29/09/2022,main,,,PF91036,NA,27105,21.19025394,4,4,64,67,23,23,0,0.761428356
DW27xCxD8xP1,DW27,DW27.C.D8,DW27.C,30/05/2021,91,PF91036,NA,NA,DW,C,1,D8,NA,FS,22,16.5,12.1,D8,NA,Y,Control,NA,Main,1,83,G11,DW27.C.D8,DW27xCxD8xP1,7.76,35,27/09/2022,main,,,PF91036,NA,34512,21.19025394,4,4,64,67,17,17,0,0.666993039
DW27xDxD15xP2,DW27,DW27.D.D15,DW27.D,06/06/2021,98,PF91037,NA,NA,DW,D,1,D15,NA,FM,49,20.1,15.5,D15,NA,N,Control,NA,Main,2,69,F9,DW27.D.D15,DW27xDxD15xP2,3.53,28.4,30/09/2022,main,,,PF91037,NA,33286,21.19025394,4,4,64,67,116,116,0,1.821563335
DW27xFexP1,DW27,DW27.Fe,DW27.Fe,05/06/2021,97,PF91059,NA,110176981,DW,Fe,5,Adult,F,NA,73,21.5,16.8,Adult,BP4,Y,Control,1OGC,Main,1,45,D9,DW27.Fe,DW27xFexP1,12.6,33.4,22/09/2022,main,Fire alarm.,,PF91059,NA,30544,21.19025394,4,4,64,67,144,144,0.228143162,1.598415803
DW46xAxD15xP2,DW46,DW46.A.D15,DW46.A,26/06/2021,NA,PF91074,NA,NA,DW,A,1,D15,NA,FM,50,20,17,D15,NA,N,Control,NA,Main,2,10,A10,DW46.A.D15,DW46xAxD15xP2,1.48,24,28/09/2022,main,,,PF91074,NA,18079,17.97925362,5,4,83,90,411,411,0.543734404,4.023867703
DW46xAxD8xP2,DW46,DW46.A.D8,DW46.A,19/06/2021,111,PF91074,NA,NA,DW,A,1,D8,NA,FS,28,18.3,14,D8,NA,Y,Control,NA,Main,2,19,B7,DW46.A.D8,DW46xAxD8xP2,9.05,29.2,28/09/2022,main,,,PF91074,NA,14319,17.97925362,5,4,83,90,267,267,0.753720386,4.472568455
DW46xBxD8xP1,DW46,DW46.B.D8,DW46.B,19/06/2021,111,PF91077,NA,NA,DW,B,1,D8,NA,FS,25,16.8,12.2,D8,NA,Y,Control,NA,Main,1,18,B6,DW46.B.D8,DW46xBxD8xP1,5.3,15.4,21/09/2022,main,,,PF91077,NA,41562,17.97925362,5,4,83,90,385,385.0666667,0.652198666,3.281436232
DW46xCxD15xP1,DW46,DW46.C.D15,DW46.C,26/06/2021,NA,PF91076,NA,NA,DW,C,1,D15,NA,FM,47,19.1,14.9,D15,NA,N,Control,NA,Main,1,66,F6,DW46.C.D15,DW46xCxD15xP1,2.34,24.5,23/09/2022,main,,,PF91076,NA,11654,17.97925362,5,4,83,90,189,189,0.17961907,2.50024285
DW46xDxD15xP3,DW46,DW46.D.D15,DW46.D,26/06/2021,NA,PF91078,NA,NA,DW,D,1,D15,NA,FM,46,19.7,15.1,D15,NA,N,Control,NA,Main,3,49,E1,DW46.D.D15,DW46xDxD15xP3,4.44,25.3,05/10/2022,main,,,PF91078,NA,22163,17.97925362,5,4,83,90,207,207,0.64365904,2.89075191
DW46xExD15xP1,DW46,DW46.E.D15,DW46.E,26/06/2021,NA,PF91075,NA,NA,DW,E,1,D15,NA,FM,46,19.5,15.8,D15,NA,N,Control,NA,Main,1,90,H6,DW46.E.D15,DW46xExD15xP1,1.86,28.2,27/09/2022,main,,,PF91075,NA,14352,17.97925362,5,4,83,90,167,167,0.431583051,2.93293457
DW46xMxP1,DW46,DW46.M,DW46.M,23/06/2021,115,PF91079,NA,0700EDC14E,DW,M,6,Adult,M,NA,77,20.5,17.5,Adult,CP,Y,Control,NA,Main,1,39,D3,DW46.M,DW46xMxP1,3.06,37.4,22/09/2022,main,Fire alarm.,,PF91079,NA,25065,17.97925362,5,4,83,90,84,84,0.07100716,1.694010969
DW49xAxD15xP3,DW49,DW49.A.D15,DW49.A,15/06/2021,106,PF91068,NA,NA,DW,A,1,D15,NA,FM,50,19.4,18.2,D15,NA,N,L. kimchicus,NA,Main,3,66,F6,DW49.A.D15,DW49xAxD15xP3,0,24.6,NA,repeat.swapIn,,repeat,PF91068,NA,34045,27.72161109,3,3,72,76,108,108,0,2.612425217
DW49xAxD8xP3,DW49,DW49.A.D8,DW49.A,08/06/2021,100,PF91068,NA,NA,DW,A,1,D8,NA,FS,23,16.1,11.5,D8,NA,Y,L. kimchicus,NA,Main,3,30,C6,DW49.A.D8,DW49xAxD8xP3,0.23,27.6,05/10/2022,main,,,PF91068,NA,14395,27.72161109,3,3,72,76,423,423,0.727129055,4.789438453
DW49xBxD15xP1,DW49,DW49.B.D15,DW49.B,15/06/2021,106,PF91069,NA,NA,DW,B,1,D15,NA,FM,51,19.7,18.4,D15,NA,N,L. kimchicus,NA,Main,1,15,B3,DW49.B.D15,DW49xBxD15xP1,0.199,26.8,21/09/2022,main,,,PF91069,NA,23103,27.72161109,3,3,72,76,434,434.0434783,0.228163869,4.638240016
DW49xBxD8xP1,DW49,DW49.B.D8,DW49.B,08/06/2021,100,PF91069,NA,NA,DW,B,1,D8,NA,FS,24,16.8,12.5,D8,NA,Y,L. kimchicus,NA,Main,1,87,H3,DW49.B.D8,DW49xBxD8xP1,1.44,20.3,27/09/2022,main,,,PF91069,NA,17445,27.72161109,3,3,72,76,416,416,0.925978134,3.96749518
DW49xCxD15xP2,DW49,DW49.C.D15,DW49.C,15/06/2021,106,PF91070,NA,NA,DW,C,1,D15,NA,FM,51,20.6,18,D15,NA,N,L. kimchicus,NA,Main,2,33,C9,DW49.C.D15,DW49xCxD15xP2,0.127,30.5,29/09/2022,main,,,PF91070,NA,42716,27.72161109,3,3,72,76,232,232,0,1.426330077
DW49xCxD8xP1,DW49,DW49.C.D8,DW49.C,08/06/2021,100,PF91070,NA,NA,DW,C,1,D8,NA,FS,22,17.2,11.4,D8,NA,Y,L. kimchicus,NA,Main,1,27,C3,DW49.C.D8,DW49xCxD8xP1,1.13,36.6,22/09/2022,main,Fire alarm.,,PF91070,NA,20130,27.72161109,3,3,72,76,165,165,0.534552016,1.316812625
DW8xAxD15xP1,DW8,DW8.A.D15,DW8.A,04/07/2021,126,PF91080,NA,NA,DW,A,1,D15,NA,FM,52,22,17.2,D15,NA,N,L. kimchicus,NA,Main,1,42,D6,DW8.A.D15,DW8xAxD15xP1,1.82,27.1,22/09/2022,main,Fire alarm.,,PF91080,NA,16926,37.86057337,5,5,94,98,464,464,0.317149255,4.211672773
DW8xAxD8xP2,DW8,DW8.A.D8,DW8.A,27/06/2021,119,PF91080,NA,NA,DW,A,1,D8,NA,FS,22,18.2,12.8,D8,NA,Y,L. kimchicus,NA,Main,2,3,A3,DW8.A.D8,DW8xAxD8xP2,1.68,31.9,27/09/2022,main,,,PF91080,NA,19421,37.86057337,5,5,94,98,74,74,0,1.650634105
DW8xBxD15xP1,DW8,DW8.B.D15,DW8.B,04/07/2021,126,PF91086,NA,NA,DW,B,1,D15,NA,FS,44,21.4,14.4,D15,NA,Y,L. kimchicus,NA,Main,1,21,B9,DW8.B.D15,DW8xBxD15xP1,4.56,35.5,21/09/2022,main,,,PF91086,NA,16395,37.86057337,5,5,94,98,358,358,0.852116254,3.20164731
DW8xBxD8xP1,DW8,DW8.B.D8,DW8.B,27/06/2021,119,BLUE-RIGHT,NA,NA,DW,B,1,D8,NA,FS,18,14,8.4,D8,NA,N,L. kimchicus,NA,Main,1,93,H9,DW8.B.D8,DW8xBxD8xP1,0,23.6,27/09/2022,main,,,UNR,NA,14471,37.86057337,5,5,94,98,419,419,1.091918581,4.561594177
DW8xCxD15xP1,DW8,DW8.C.D15,DW8.C,04/07/2021,126,PF91081,NA,NA,DW,C,1,D15,NA,FM,49,21.3,16,D15,NA,N,L. kimchicus,NA,Main,1,47,D11,DW8.C.D15,DW8xCxD15xP1,2.34,31.7,22/09/2022,main,Fire alarm.,,PF91081,NA,14065,37.86057337,5,5,94,98,208,208,0,3.079409622
DW8xCxD8xP3,DW8,DW8.C.D8,DW8.C,27/06/2021,119,PF91081,NA,NA,DW,C,1,D8,NA,FS,22,16.3,10.9,D8,NA,Y,L. kimchicus,NA,Main,3,15,B3,DW8.C.D8,DW8xCxD8xP3,0.061,19.1,04/10/2022,main,,,PF91081,NA,35205,37.86057337,5,5,94,98,614,614,0,5.341630205
DW8xDxD15xP2,DW8,DW8.D.D15,DW8.D,04/07/2021,126,PF91083,NA,NA,DW,D,1,D15,NA,FM,53,21.2,17,D15,NA,N,L. kimchicus,NA,Main,2,36,C12,DW8.D.D15,DW8xDxD15xP2,1.57,22.4,29/09/2022,main,,,PF91083,NA,29452,37.86057337,5,5,94,98,398,398,0.158309101,3.762514858
DW8xDxD8xP2,DW8,DW8.D.D8,DW8.D,27/06/2021,119,PF91083,NA,NA,DW,D,1,D8,NA,FS,28,17.5,13.7,D8,NA,Y,L. kimchicus,NA,Main,2,57,E9,DW8.D.D8,DW8xDxD8xP2,0.504,26.5,30/09/2022,main,,,PF91083,NA,17947,37.86057337,5,5,94,98,394,394,0.527590202,4.799182293
DW8xExD15xP2,DW8,DW8.E.D15,DW8.E,04/07/2021,126,PF91082,NA,NA,DW,E,1,D15,NA,FM,51,21.2,16.5,D15,NA,N,L. kimchicus,NA,Main,2,63,F3,DW8.E.D15,DW8xExD15xP2,9.28,26.3,30/09/2022,main,,,PF91082,NA,10271,37.86057337,5,5,94,98,183,183,0.831019436,4.210304284
DW8xExD8xP2,DW8,DW8.E.D8,DW8.E,27/06/2021,119,PF91082,NA,NA,DW,E,1,D8,NA,FS,26,17.3,13,D8,NA,Y,L. kimchicus,NA,Main,2,22,B10,DW8.E.D8,DW8xExD8xP2,0.893,25.4,28/09/2022,main,,,PF91082,NA,18234,37.86057337,5,5,94,98,605,605,1.107509377,4.978259075
DW8xFexP3,DW8,DW8.Fe,DW8.Fe,30/06/2021,122,PF91084,NA,01101762EB,DW,Fe,6,Adult,F,NA,72,21.2,17.6,Adult,BP4,Y,L. kimchicus,NA,Main,3,10,A10,DW8.Fe,DW8xFexP3,2.11,26.9,04/10/2022,main,,,PF91084,NA,20014,37.86057337,5,5,94,98,133,133,0.027674706,2.479293433
IN1xAxD8xP1,IN1,IN1.A.D8,IN1.A,30/05/2021,91,PF91023,NA,NA,IN,A,1,D8,NA,FS,19,16,12.1,D8,NA,Y,L. kimchicus,NA,Main,1,35,C11,IN1.A.D8,IN1xAxD8xP1,14.4,31.9,22/09/2022,main,Fire alarm.,,PF91023,NA,16344,16.65261154,4,4,65,69,195,195,0.273068392,3.122792545
IN1xBxD15xP1,IN1,IN1.B.D15,IN1.B,06/06/2021,98,PF91024,NA,NA,IN,B,1,D15,NA,FM,46,21.3,17.5,D15,NA,N,L. kimchicus,NA,Main,1,6,A6,IN1.B.D15,IN1xBxD15xP1,2.28,18.1,21/09/2022,main,,,PF91024,NA,18577,16.65261154,4,4,65,69,431,431,0.185570441,3.523158954
IN1xBxD8xP3,IN1,IN1.B.D8,IN1.B,30/05/2021,91,PF91024,NA,NA,IN,B,1,D8,NA,FS,20,17,12.5,D8,NA,Y,L. kimchicus,NA,Main,3,23,B11,IN1.B.D8,IN1xBxD8xP3,0,14.9,04/10/2022,main,,,PF91024,NA,48945,16.65261154,4,4,65,69,175,175,0,2.807584993
IN1xCxD15xP3,IN1,IN1.C.D15,IN1.C,06/06/2021,98,PF91025,NA,NA,IN,C,1,D15,NA,FM,46,21.1,16.6,D15,NA,N,L. kimchicus,NA,Main,3,37,D1,IN1.C.D15,IN1xCxD15xP3,0.142,26.8,05/10/2022,main,,,PF91025,NA,30246,16.65261154,4,4,65,69,154,154,0,3.049784423
IN1xCxD8xP3,IN1,IN1.C.D8,IN1.C,30/05/2021,91,PF91025,NA,NA,IN,C,1,D8,NA,FS,21,15.8,12.2,D8,NA,Y,L. kimchicus,NA,Main,3,5,A5,IN1.C.D8,IN1xCxD8xP3,16,25.8,04/10/2022,main,,,PF91025,NA,55967,16.65261154,4,4,65,69,167,167,0,1.528319245
IN1xDxD15xP3,IN1,IN1.D.D15,IN1.D,06/06/2021,98,PF91026,NA,NA,IN,D,1,D15,NA,FM,44,19.5,15.1,D15,NA,N,L. kimchicus,NA,Main,3,45,D9,IN1.D.D15,IN1xDxD15xP3,18.4,23.9,05/10/2022,main,,,PF91026,NA,46839,16.65261154,4,4,65,69,167,167,0,2.059333106
IN22xAxD15xP1,IN22,IN22.A.D15,IN22.A,06/06/2021,98,PF91027,NA,NA,IN,A,1,D15,NA,FM,55,20.7,21,D15,NA,N,Control,NA,Main,1,78,G6,IN22.A.D15,IN22xAxD15xP1,11.2,32.8,27/09/2022,main,,,PF91027,NA,30195,4.515338404,3,3,67,69,162,162,0.026234942,1.644686824
IN22xAxD8xP1,IN22,IN22.A.D8,IN22.A,30/05/2021,91,PF91027,NA,NA,IN,A,1,D8,NA,FS,19,18.1,16.3,D8,NA,Y,Control,NA,Main,1,38,D2,IN22.A.D8,IN22xAxD8xP1,9.33,37.3,22/09/2022,main,Fire alarm.,,PF91027,NA,33920,4.515338404,3,3,67,69,68,68,0,1.422613171
IN22xBxD15xP2,IN22,IN22.B.D15,IN22.B,06/06/2021,98,PF91028,NA,NA,IN,B,1,D15,NA,FM,49,19.4,15.2,D15,NA,N,Control,NA,Main,2,45,D9,IN22.B.D15,IN22xBxD15xP2,69,26.2,29/09/2022,main,,,PF91028,NA,42495,4.515338404,3,3,67,69,33,33,0,1.189480664
IN22xCxD15xP2,IN22,IN22.C.D15,IN22.C,06/06/2021,98,PF91061,NA,NA,IN,C,1,D15,NA,FS,40,18.6,15.5,D15,NA,Y,Control,NA,Main,2,54,E6,IN22.C.D15,IN22xCxD15xP2,18,30,30/09/2022,main,,,PF91061,NA,20798,4.515338404,3,3,67,69,71,71,1.059011719,2.156556622
IN22xFexP1,IN22,IN22.Fe,IN22.Fe,04/06/2021,96,PF91057,NA,110176258,IN,Fe,6,Adult,F,NA,74,20.3,17.7,Adult,BP4,Y,Control,NA,Main,1,71,F11,IN22.Fe,IN22xFexP1,1.07,34.9,23/09/2022,main,,,PF91057,NA,27229,4.515338404,3,3,67,69,47,47,0,1.363996899
IN25xAxD15xP3,IN25,IN25.A.D15,IN25.A,09/06/2021,101,PF91045,NA,NA,IN,A,1,D15,NA,NA,NA,NA,NA,D15,NA,N,L. kimchicus,Chick flew from nest after sampling and I didn‘«÷t get morphometric data.,Main,3,70,F10,IN25.A.D15,IN25xAxD15xP3,0,20.2,NA,repeat.swapIn,,repeat,PF91045,NA,41928,14.81947909,2,2,69,70,335,335.0714286,0.559419685,3.379893669
IN25xAxD8xP3,IN25,IN25.A.D8,IN25.A,02/06/2021,94,PF91045,NA,NA,IN,A,1,D8,NA,FS,31,18.3,14.2,D8,NA,Y,L. kimchicus,NA,Main,3,54,E6,IN25.A.D8,IN25xAxD8xP3,10.4,31,05/10/2022,main,,,PF91045,NA,10443,14.81947909,2,2,69,70,355,355,0.597614149,3.937354895
IN25xBxD15xP2,IN25,IN25.B.D15,IN25.B,09/06/2021,101,PF91046,NA,NA,IN,B,1,D15,NA,FL,54,20.1,18.2,D15,NA,N,L. kimchicus,NA,Main,2,81,G9,IN25.B.D15,IN25xBxD15xP2,5,23.8,04/10/2022,main,,,PF91046,NA,120150,14.81947909,2,2,69,70,153,153,0,1.103602679
IN25xBxD8xP2,IN25,IN25.B.D8,IN25.B,02/06/2021,94,PF91046,NA,NA,IN,B,1,D8,NA,FS,29,18.3,14.5,D8,NA,Y,L. kimchicus,NA,Main,2,72,F12,IN25.B.D8,IN25xBxD8xP2,4.01,27.6,30/09/2022,main,,,PF91046,NA,30067,14.81947909,2,2,69,70,212,212,0,1.983082143
IN25xFexP1,IN25,IN25.Fe,IN25.Fe,01/06/2021,93,PF91044,NA,0700EDA926,IN,Fe,6,Adult,NA,NA,71,19.9,18.6,Adult,BP4,Y,L. kimchicus,NA,Main,1,68,F8,IN25.Fe,IN25xFexP1,1.42,33.6,23/09/2022,main,,,PF91044,NA,11297,14.81947909,2,2,69,70,129,129,0.512559589,2.265811693
IN8xAxD8xP2,IN8,IN8.A.D8,IN8.A,20/05/2021,81,RED-RIGHT,NA,NA,IN,A,1,D8,NA,FS,18,13.3,9.7,D8,NA,N,Control,NA,Main,2,76,G4,IN8.A.D8,IN8xAxD8xP2,2.07,22.1,04/10/2022,main,,,TX52577,NA,24660,11.63451243,3,3,50,56,181,181,0,1.599963188
IN8xBxD15xP2,IN8,IN8.B.D15,IN8.B,27/05/2021,88,TX52576,NA,NA,IN,B,1,D15,NA,FS,39,19,16.2,D15,NA,N,Control,NA,Main,2,61,F1,IN8.B.D15,IN8xBxD15xP2,0.364,28.3,30/09/2022,main,,,TX52576,NA,27693,11.63451243,3,3,50,56,173,173,0.02266187,2.723248186
IN8xBxD8xP1,IN8,IN8.B.D8,IN8.B,20/05/2021,81,LEFT RED,NA,NA,IN,B,1,D8,NA,FS,17,12.9,10.1,D8,NA,N,Control,NA,Main,1,37,D1,IN8.B.D8,IN8xBxD8xP1,1.19,29.5,22/09/2022,main,Fire alarm.,,,NA,23148,11.63451243,3,3,50,56,266,266,0.246564301,2.792581858
IN8xCxD15xP2,IN8,IN8.C.D15,IN8.C,27/05/2021,88,TX52578,NA,NA,IN,C,1,D15,NA,FS,39,19.6,16.6,D15,NA,N,Control,NA,Main,2,37,D1,IN8.C.D15,IN8xCxD15xP2,0.707,24.1,29/09/2022,main,,,TX52578,NA,12324,11.63451243,3,3,50,56,35,35,0,0.788482714
IN8xFexP1,IN8,IN8.Fe,IN8.Fe,23/05/2021,84,S842652,WD0,110176213,IN,Fe,6,Adult,F,NA,70,21.2,18,Adult,NA,N,Control,Colour ring removed,Main,1,88,H4,IN8.Fe,IN8xFexP1,1.29,23.3,27/09/2022,main,,,S842652,NA,12699,11.63451243,3,3,50,56,160,160,0.228146595,1.788333152
KB04xAxD8xP1,KB4,KB4.A.D8,KB4.A,23/05/2021,84,TX52586,NA,NA,KB,A,1,D8,NA,NA,21,16,10.4,D8,NA,Y,L. kimchicus,NA,Main,1,79,G7,KB04.A.D8,KB04xAxD8xP1,14.7,34.7,27/09/2022,main,,,TX52586,NA,42214,9.183623801,6,0,54,57,145,145,0.041523727,0.811733939
KB04xBxD8xP1,KB4,KB4.B.D8,KB4.B,23/05/2021,84,TX52585,NA,NA,KB,B,1,D8,NA,NA,20,NA,10.2,D8,NA,Y,L. kimchicus,NA,Main,1,34,C10,KB04.B.D8,KB04xBxD8xP1,3.08,28.3,22/09/2022,main,Fire alarm.,,TX52585,NA,22002,9.183623801,6,0,54,57,386,386.015625,0.634016122,3.092932326
KB04xCxD8xP3,KB4,KB4.C.D8,KB4.C,23/05/2021,84,TX52587,NA,NA,KB,C,1,D8,NA,NA,18,NA,9.8,D8,NA,Y,L. kimchicus,NA,Main,3,67,F7,KB04.C.D8,KB04xCxD8xP3,0,24.7,NA,repeat.swapIn,,repeat,TX52587,NA,24529,9.183623801,6,0,54,57,140,140,0,3.008265137
KB04xDxD8xP2,KB4,KB4.D.D8,KB4.D,23/05/2021,84,RED LEFT,NA,NA,KB,D,1,D8,NA,NA,20,NA,10.7,D8,NA,N,L. kimchicus,NA,Main,2,8,A8,KB04.D.D8,KB04xDxD8xP2,0.487,33.4,28/09/2022,main,,,UNR,NA,32744,9.183623801,6,0,54,57,49,49,0,0.297682744
KB10xAxD8xP1,KB10,KB10.A.D8,KB10.A,17/05/2021,78,TX52552,NA,NA,KB,A,1,D8,NA,FS,26,17.2,14.1,D8,NA,Y,L. kimchicus,NA,Main,1,25,C1,KB10.A.D8,KB10xAxD8xP1,42.5,19.3,22/09/2022,main,Fire alarm went off so before CD3 step so samples sitting at CD2 step for 30-40 mins.,,TX52552,NA,59115,38.334189,5,1,51,57,152,152.0909091,0.358772239,1.055094591
KB10xBxD8xP1,KB10,KB10.B.D8,KB10.B,17/05/2021,78,TX52553,NA,NA,KB,B,1,D8,NA,NA,25,17.3,13.8,D8,NA,Y,L. kimchicus,NA,Main,1,49,E1,KB10.B.D8,KB10xBxD8xP1,0.171,36.1,23/09/2022,main,,,TX52553,NA,30598,38.334189,5,1,51,57,19,19,0,0.502176125
KB10xCxD8xP2,KB10,KB10.C.D8,KB10.C,17/05/2021,78,TX52554,NA,NA,KB,C,1,D8,NA,NA,23,16.3,12.3,D8,NA,Y,L. kimchicus,NA,Main,2,88,H4,KB10.C.D8,KB10xCxD8xP2,0.232,20.3,NA,repeat.swapIn,,"PLATE 1 repeat, failed index PCR",TX52554,NA,46452,38.334189,5,1,51,57,48,48,0,0.409637517
KB10xDxD8xP2,KB10,KB10.D.D8,KB10.D,17/05/2021,78,TX52555,NA,NA,KB,D,1,D8,NA,NA,25,16.6,13.8,D8,NA,Y,L. kimchicus,Sample landed on inside of bag,Main,2,4,A4,KB10.D.D8,KB10xDxD8xP2,14.6,36.3,28/09/2022,main,,,TX52555,NA,33727,38.334189,5,1,51,57,149,149,0.049831932,1.979765037
KB10xFxP2,KB10,KB10.E.D15,KB10.E,24/05/2021,85,TX52592,NA,NA,KB,E,1,D15,NA,FM,39,19,14.5,D15,NA,Y,L. kimchicus,Tube possibly mislabeled as D8,Main,2,92,H8,KB10.F,KB10xFxP2,0.092,7,NA,repeat.swapIn,,"PLATE 1 repeat, failed initial PCR amplification",,KB20.Fe sample was mislabelled as 'CB20.fe' on tube,37611,38.334189,5,1,51,57,50,50,0,2.901174318
KB10xMxP2,KB10,KB10.M,KB10.M,20/05/2021,81,NZ05874,YT1,0110176A64,KB,M,6,Adult,M,NA,76,23.7,18.1,Adult,NA,N,L. kimchicus,Forgot to check breeding | correcting this to M from Fe 24/2/2023,Main,2,94,H10,KB10.M,KB10xMxP2,0.097,16.7,NA,repeat.swapIn,,"PLATE 1 repeat, failed initial PCR amplification",NZ05874,NA,24432,38.334189,5,1,51,57,60,60,0.495884704,3.358197682
KB151xAxD15xP3,KB151,KB151.A.D15,KB151.A,11/06/2021,102,PF91053,NA,NA,KB,A,1,D15,NA,FL,57,20.6,18.9,D15,NA,N,Control,NA,Main,3,4,A4,KB151.A.D15,KB151xAxD15xP3,4.75,25.7,04/10/2022,main,,,PF91053,NA,39407,NA,4,4,63,68,150,150,0.217370784,1.168661834
KB151xBxD15xP2,KB151,KB151.B.D15,KB151.B,11/06/2021,102,PF91054,NA,NA,KB,B,1,D15,NA,FL,55,20.1,17.8,D15,NA,N,Control,NA,Main,2,6,A6,KB151.B.D15,KB151xBxD15xP2,31.4,29.1,28/09/2022,main,,,PF91054,NA,31991,NA,4,4,63,68,137,137,0,2.031645533
KB151xBxD8xP1,KB151,KB151.B.D8,KB151.B,04/06/2021,96,PF91054,NA,NA,KB,B,1,D8,NA,FS,33,18,15.5,D8,NA,Y,Control,NA,Main,1,92,H8,KB151.B.D8,KB151xBxD8xP1,3.29,28.2,27/09/2022,main,,,PF91054,NA,41828,NA,4,4,63,68,18,18,0,0.572000816
KB151xCxD15xP2,KB151,KB151.C.D15,KB151.C,11/06/2021,102,PF91055,NA,NA,KB,C,1,D15,NA,FL,57,21,17.7,D15,NA,N,Control,NA,Main,2,16,B4,KB151.C.D15,KB151xCxD15xP2,12.3,29.3,28/09/2022,main,,,PF91055,NA,49336,NA,4,4,63,68,86,86,0.055235348,0.969489196
KB151xCxD8xP2,KB151,KB151.C.D8,KB151.C,04/06/2021,96,PF91055,NA,NA,KB,C,1,D8,NA,FS,45,19.7,16.3,D8,NA,Y,Control,NA,Main,2,41,D5,KB151.C.D8,KB151xCxD8xP2,4.78,29.1,29/09/2022,main,,,PF91055,NA,30226,NA,4,4,63,68,31,31,0,0.907838687
KB151xDxD15xP1,KB151,KB151.D.D15,KB151.D,11/06/2021,102,PF91056,NA,NA,KB,D,1,D15,NA,FL,58,20.7,17.9,D15,NA,N,Control,NA,Main,1,84,G12,KB151.D.D15,KB151xDxD15xP1,1.68,32.1,27/09/2022,main,,,PF91056,NA,43562,NA,4,4,63,68,102,102,0,0.91378076
KB151xDxD8xP3,KB151,KB151.D.D8,KB151.D,04/06/2021,96,PF91056,NA,NA,KB,D,1,D8,NA,FS,44,19.1,16,D8,NA,Y,Control,Touched inside of sample bag.,Main,3,21,B9,KB151.D.D8,KB151xDxD8xP3,0.241,24,04/10/2022,main,,,PF91056,NA,56579,NA,4,4,63,68,138,138,0.035585585,1.243682861
KB151xMxP3,KB151,KB151.M,KB151.M,07/06/2021,99,PF91067,NA,110176776,KB,M,6,Adult,NA,NA,74,20.6,18.3,Adult,CP,Y,Control,NA,Main,3,43,D7,KB151.M,KB151xMxP3,0,2.48,05/10/2022,main,,,PF91067,NA,12877,NA,4,4,63,68,46,46,0,1.806224079
KB158xAxD15xP2,KB158,KB158.A.D15,KB158.A,29/05/2021,90,TX52579,NA,NA,KB,A,1,D15,NA,FM,39,19.4,16.6,D15,NA,N,L. kimchicus,NA,Main,2,75,G3,KB158.A.D15,KB158xAxD15xP2,1.32,21.8,30/09/2022,main,,,TX52579,NA,19951,NA,1,1,56,58,275,275,0,2.902201749
KB158xAxD8xP1,KB158,KB158.A.D8,KB158.A,22/05/2021,83,TX52579,NA,NA,KB,A,1,D8,NA,NA,24,16.4,12.7,D8,NA,Y,L. kimchicus,NA,Main,1,7,A7,KB158.A.D8,KB158xAxD8xP1,4.77,32.8,21/09/2022,main,,,TX52579,NA,19721,NA,1,1,56,58,370,370,0.806660228,2.833408316
KB158xFexP2,KB158,KB158.Fe,KB158.Fe,26/05/2021,87,TX52596,NA,0700EE0397,KB,Fe,6,Adult,F,NA,73,20.1,17.6,Adult,NA,Y,L. kimchicus,NA,Main,2,64,F4,KB158.Fe,KB158xFexP2,0,34,30/09/2022,main,small sample,,TX52596,NA,42359,NA,1,1,56,58,133,133,0.358760897,1.422353554
KB15xAxD15xP2,KB15,KB15.A.D15,KB15.A,28/05/2021,89,PF91010,NA,NA,KB,A,1,D15,NA,FS,41,18.7,14.7,D15,NA,Y,L. kimchicus,NA,Main,2,24,B12,KB15.A.D15,KB15xAxD15xP2,57,31.7,28/09/2022,main,,,PF91010,NA,32524,23.99611718,6,5,54,59,110,110,0,2.052789196
KB15xAxD8xP1,KB15,KB15.A.D8,KB15.A,21/05/2021,82,GREEN RIGHT,NA,NA,KB,A,1,D8,NA,FS,19,14.7,11,D8,NA,N,L. kimchicus,NA,Main,1,40,D4,KB15.A.D8,KB15xAxD8xP1,9.23,27.3,22/09/2022,main,Fire alarm.,,,NA,19047,23.99611718,6,5,54,59,844,844,1.976103953,5.450464932
KB15xBxD15xP3,KB15,KB15.B.D15,KB15.B,28/05/2021,89,TX52556,NA,NA,KB,B,1,D15,NA,FS,40,18.4,12.6,D15,NA,N,L. kimchicus,NA,Main,3,51,E3,KB15.B.D15,KB15xBxD15xP3,15.3,26.7,05/10/2022,main,,,TX52556,NA,27192,23.99611718,6,5,54,59,127,127,0,2.202760096
KB15xBxD8xP1,KB15,KB15.B.D8,KB15.B,21/05/2021,82,TX52556,NA,NA,KB,B,1,D8,NA,FS,22,16,11.6,D8,NA,Y,L. kimchicus,NA,Main,1,55,E7,KB15.B.D8,KB15xBxD8xP1,8.52,27.7,23/09/2022,main,,,TX52556,NA,21890,23.99611718,6,5,54,59,191,191,0.179619267,2.019806898
KB15xCxD8xP2,KB15,KB15.C.D8,KB15.C,21/05/2021,82,TX52557,NA,NA,KB,C,1,D8,NA,FS,21,15.9,12.2,D8,NA,Y,L. kimchicus,NA,Main,2,43,D7,KB15.C.D8,KB15xCxD8xP2,23,32.7,29/09/2022,main,,,TX52557,NA,33176,23.99611718,6,5,54,59,37,37,0,0.239188419
KB15xDxD15xP1,KB15,KB15.D.D15,KB15.D,28/05/2021,89,TX52558,NA,NA,KB,D,1,D15,NA,FS,37,18.5,11.1,D15,NA,N,L. kimchicus,NA,Main,1,77,G5,KB15.D.D15,KB15xDxD15xP1,22,30.4,27/09/2022,main,,,TX52558,NA,14014,23.99611718,6,5,54,59,45,45,0,2.531130327
KB15xDxD8xP1,KB15,KB15.D.D8,KB15.D,21/05/2021,82,TX52558,NA,NA,KB,D,1,D8,NA,FS,19,15.8,10.9,D8,NA,Y,L. kimchicus,Possibly swapped sample bag E,Main,1,73,G1,KB15.D.D8,KB15xDxD8xP1,0.186,21.3,27/09/2022,main,,,TX52558,NA,44512,23.99611718,6,5,54,59,147,147,0,1.05333464
KB15xExD15xP2,KB15,KB15.E.D15,KB15.E,28/05/2021,89,TX52559,NA,NA,KB,E,1,D15,NA,FS,37,18.2,13.3,D15,NA,N,L. kimchicus,NA,Main,2,29,C5,KB15.E.D15,KB15xExD15xP2,30.9,34.7,29/09/2022,main,,,TX52559,NA,24755,23.99611718,6,5,54,59,103,103,0,1.818019135
KB15xExD8xP1,KB15,KB15.E.D8,KB15.E,21/05/2021,82,TX52559,NA,NA,KB,E,1,D8,NA,FS,17,14.5,9.8,D8,NA,Y,L. kimchicus,Possibly swapped sample bag D,Main,1,70,F10,KB15.E.D8,KB15xExD8xP1,41.5,28.3,23/09/2022,main,,,TX52559,NA,44039,23.99611718,6,5,54,59,167,167,0,0.696440245
KB15xFxD8xP3,KB15,KB15.F.D8,KB15.F,21/05/2021,82,TX52560,NA,NA,KB,F,1,D8,NA,FS,21,15.5,NA,D8,NA,Y,L. kimchicus,No weight for some reason.,Main,3,71,F11,KB15.F.D8,KB15xFxD8xP3,0,18.6,NA,repeat.swapIn,,repeat,TX52560,NA,54319,23.99611718,6,5,54,59,63,63,0,1.47721557
KB15xMxP1,KB15,KB15.M,KB15.M,26/05/2021,87,TW15318,RB4,NA,KB,M,6,Adult,M,NA,77,21.3,17.7,Adult,NA,N,L. kimchicus,NA,Main,1,4,A4,KB15.M,KB15xMxP1,0.171,29.2,21/09/2022,main,,,TW15318,NA,43231,23.99611718,6,5,54,59,34,34,0,1.522963522
KB20xAxD15xP2,KB20,KB20.A.D15,KB20.A,31/05/2021,92,TX52588,NA,NA,KB,A,1,D15,NA,FM,50,19.9,17.8,D15,NA,N,L. kimchicus,NA,Main,2,26,C2,KB20.A.D15,KB20xAxD15xP2,3.41,29.8,28/09/2022,main,,,TX52588,NA,45638,44.65107509,4,4,57,60,45,45,0,1.189742465
KB20xAxD8xP1,KB20,KB20.A.D8,KB20.A,24/05/2021,85,TX52588,NA,NA,KB,A,1,D8,NA,NA,21,16,12.3,D8,NA,Y,L. kimchicus,NA,Main,1,19,B7,KB20.A.D8,KB20xAxD8xP1,0.354,24.5,21/09/2022,main,,,TX52588,NA,16945,44.65107509,4,4,57,60,329,329,0.736397096,4.196344748
KB20xBxD15xP2,KB20,KB20.B.D15,KB20.B,31/05/2021,92,TX52589,NA,NA,KB,B,1,D15,NA,FM,49,20.5,17.3,D15,NA,N,L. kimchicus,NA,Main,2,38,D2,KB20.B.D15,KB20xBxD15xP2,0.119,29.9,29/09/2022,main,,,TX52589,NA,20276,44.65107509,4,4,57,60,29,29,0,0.967534498
KB20xBxD8xP2,KB20,KB20.B.D8,KB20.B,24/05/2021,85,TX52589,NA,NA,KB,B,1,D8,NA,NA,20,15.7,11.3,D8,NA,Y,L. kimchicus,NA,Main,2,58,E10,KB20.B.D8,KB20xBxD8xP2,9.83,28.1,30/09/2022,main,,,TX52589,NA,22513,44.65107509,4,4,57,60,323,323,0.552450431,2.948987626
KB20xCxD15xP1,KB20,KB20.C.D15,KB20.C,31/05/2021,92,TX52590,NA,NA,KB,C,1,D15,NA,FM,51,20.8,18.4,D15,NA,N,L. kimchicus,NA,Main,1,41,D5,KB20.C.D15,KB20xCxD15xP1,0.276,23,22/09/2022,main,Fire alarm.,,TX52590,NA,45835,44.65107509,4,4,57,60,70,70,0,1.164825202
KB20xCxD8xP1,KB20,KB20.C.D8,KB20.C,24/05/2021,85,TX52590,NA,NA,KB,C,1,D8,NA,NA,22,15.9,12,D8,NA,Y,L. kimchicus,NA,Main,1,58,E10,KB20.C.D8,KB20xCxD8xP1,0.34,31,23/09/2022,main,,,TX52590,NA,38861,44.65107509,4,4,57,60,406,406,0.232930728,2.714036253
KB20xDxD15xP2,KB20,KB20.D.D15,KB20.D,31/05/2021,92,TX52591,NA,NA,KB,D,1,D15,NA,FM,51,20,18,D15,NA,N,L. kimchicus,NA,Main,2,71,F11,KB20.D.D15,KB20xDxD15xP2,6.33,27.3,30/09/2022,main,,,TX52591,NA,34851,44.65107509,4,4,57,60,194,194,0.01719734,1.855212253
KB20xDxD8xP3,KB20,KB20.D.D8,KB20.D,24/05/2021,85,TX52591,NA,NA,KB,D,1,D8,NA,NA,20,16.3,11.5,D8,NA,Y,L. kimchicus,NA,Main,3,31,C7,KB20.D.D8,KB20xDxD8xP3,0.168,21.5,05/10/2022,main,,,TX52591,NA,37333,44.65107509,4,4,57,60,387,387,0.010855549,2.835664595
KB22xAxD15xP2,KB22,KB22.B.D15,KB22.B,29/05/2021,90,TX52581,NA,NA,KB,B,1,D15,NA,FM,49,20.3,19.3,D15,NA,N,Control,NA,Main,2,83,G11,KB22.A.D15,KB22xAxD15xP2,1.64,18.7,04/10/2022,main,,,TX52581,NA,49318,40.89988306,5,5,58,63,679,679,0.813755388,3.466261677
KB22xAxD15xP3,KB22,KB22.A.D15,KB22.A,29/05/2021,90,TX52580,NA,NA,KB,A,1,D15,NA,FM,51,21,20.7,D15,NA,N,Control,NA,Main,3,53,E5,KB22.A.D15,KB22xAxD15xP3,0.074,28.4,05/10/2022,main,,,TX52580,NA,42247,40.89988306,5,5,58,63,373,373,0,2.30420845
KB22xAxD8xP2,KB22,KB22.A.D8,KB22.A,22/05/2021,83,TX52580,NA,NA,KB,A,1,D8,NA,NA,22,16.1,13.2,D8,NA,Y,Control,NA,Main,2,31,C7,KB22.A.D8,KB22xAxD8xP2,0.117,30.2,29/09/2022,main,,,TX52580,NA,43486,40.89988306,5,5,58,63,88,88,0.071021568,0.748846507
KB22xBxD8xP1,KB22,KB22.B.D8,KB22.B,22/05/2021,83,TX52581,NA,NA,KB,B,1,D8,NA,NA,19,15,12.5,D8,NA,Y,Control,NA,Main,1,16,B4,KB22.B.D8,KB22xBxD8xP1,0.694,28.1,21/09/2022,main,,,TX52581,NA,60761,40.89988306,5,5,58,63,269,269,0.152713482,1.118239371
KB22xCxD15xP1,KB22,KB22.C.D15,KB22.C,29/05/2021,90,TX52582,NA,NA,KB,C,1,D15,NA,FS,32,NA,12,D15,NA,N,Control,Damaged leg,Main,1,86,H2,KB22.C.D15,KB22xCxD15xP1,0.122,29.4,27/09/2022,main,,,TX52582,NA,13891,40.89988306,5,5,58,63,28,28,0,2.031589301
KB22xCxD8xP3,KB22,KB22.C.D8,KB22.C,22/05/2021,83,TX52582,NA,NA,KB,C,1,D8,NA,NA,18,NA,10.7,D8,NA,Y,Control,NA,Main,3,79,G7,KB22.C.D8,KB22xCxD8xP3,0,11.5,NA,repeat.swapIn,,"repeat, changed from blank to kb22.c.d8",TX52582,NA,32135,40.89988306,5,5,58,63,40,40,0,1.886514848
KB22xDxD15xP3,KB22,KB22.D.D15,KB22.D,29/05/2021,90,TX52583,NA,NA,KB,D,1,D15,NA,FM,42,20.8,16.2,D15,NA,N,Control,NA,Main,3,9,A9,KB22.D.D15,KB22xDxD15xP3,11.3,21.9,04/10/2022,main,,,TX52583,NA,40014,40.89988306,5,5,58,63,97,97,0.049744244,1.56255313
KB22xExD15xP1,KB22,KB22.E.D15,KB22.E,29/05/2021,90,PF91018,NA,NA,KB,E,1,D15,NA,FS,44,19.6,17.7,D15,NA,Y,Control,NA,Main,1,62,F2,KB22.E.D15,KB22xExD15xP1,7.89,28.2,23/09/2022,main,,,PF91018,NA,26392,40.89988306,5,5,58,63,277,277,0.290597573,2.068380436
KB22xExD8xP2,KB22,KB22.E.D8,KB22.E,22/05/2021,83,PF91018,NA,NA,KB,E,1,D8,NA,NA,17,14.1,9.6,D8,NA,N,Control,NA,Main,2,23,B11,KB22.E.D8,KB22xExD8xP2,7.95,28.6,28/09/2022,main,,,PF91018,NA,33899,40.89988306,5,5,58,63,361,361,0.192276147,2.563039547
KB22xFexP1,KB22,KB22.Fe,KB22.Fe,26/05/2021,87,TX52595,NA,0700EDF0A7,KB,Fe,6,Adult,F,NA,71,20.3,18.8,Adult,NA,Y,Control,I think tube is mislabelled. KB22.Fe-tube is labelled with TX52594,Main,1,61,F1,KB22.Fe,KB22xFexP1,0.102,19.2,23/09/2022,main,,,TX52595,NA,27559,40.89988306,5,5,58,63,90,90.25,0.736137585,1.985770039
KB25xAxD15xP1,KB25,KB25.A.D15,KB25.A,05/06/2021,97,PF91015,NA,NA,KB,A,1,D15,NA,FM,48,19.9,16.4,D15,NA,N,L. kimchicus,NA,Main,1,3,A3,KB25.A.D15,KB25xAxD15xP1,0.911,26.1,21/09/2022,main,,,PF91015,NA,13881,32.18095436,4,4,61,66,330,330,0.97448391,3.160849858
KB25xAxD8xP1,KB25,KB25.A.D8,KB25.A,29/05/2021,90,PF91015,NA,NA,KB,A,1,D8,NA,FS,19,15,11.5,D8,NA,Y,L. kimchicus,Landed on my hand- possibly contaminated.,Main,1,8,A8,KB25.A.D8,KB25xAxD8xP1,1.1,29.4,21/09/2022,main,,,PF91015,NA,8768,32.18095436,4,4,61,66,538,538.0103093,1.195658735,4.99647749
KB25xBxD15xP1,KB25,KB25.B.D15,KB25.B,05/06/2021,97,PF91016,NA,NA,KB,B,1,D15,NA,FS,47,21,17.7,D15,NA,N,L. kimchicus,NA,Main,1,51,E3,KB25.B.D15,KB25xBxD15xP1,0.205,32.1,23/09/2022,main,,,PF91016,NA,16982,32.18095436,4,4,61,66,232,232,0.199668932,2.821190776
KB25xBxD8xP1,KB25,KB25.B.D8,KB25.B,29/05/2021,90,PF91016,NA,NA,KB,B,1,D8,NA,FS,17,14.8,11.7,D8,NA,Y,L. kimchicus,NA,Main,1,59,E11,KB25.B.D8,KB25xBxD8xP1,0.944,25.9,23/09/2022,main,,,PF91016,NA,14281,32.18095436,4,4,61,66,703,703,0.672156833,5.453740221
KB25xCxD15xP2,KB25,KB25.C.D15,KB25.C,05/06/2021,97,PF91017,NA,NA,KB,C,1,D15,NA,FM,50,21.3,16.9,D15,NA,N,L. kimchicus,NA,Main,2,13,B1,KB25.C.D15,KB25xCxD15xP2,0,20.9,28/09/2022,main,,,PF91017,NA,29767,32.18095436,4,4,61,66,210,210,0,2.971867506
KB25xCxD8xP3,KB25,KB25.C.D8,KB25.C,29/05/2021,90,PF91017,NA,NA,KB,C,1,D8,NA,FS,22,17,12.7,D8,NA,Y,L. kimchicus,NA,Main,3,29,C5,KB25.C.D8,KB25xCxD8xP3,2.58,26,05/10/2022,main,,,PF91017,NA,20254,32.18095436,4,4,61,66,1302,1302,1.55160437,6.283235295
KB25xDxD15xP3,KB25,KB25.D.D15,KB25.D,05/06/2021,97,PF91058,NA,NA,KB,D,1,D15,NA,FS,46,20.5,17.6,D15,NA,N,L. kimchicus,NA,Main,3,27,C3,KB25.D.D15,KB25xDxD15xP3,0.123,35,05/10/2022,main,,,PF91058,NA,28549,32.18095436,4,4,61,66,88,88,0,1.481754301
KB25xFexP2,KB25,KB25.Fe,KB25.Fe,06/06/2021,98,PF91062,NA,NA,KB,Fe,6,Adult,F,NA,73,20.7,17,Adult,BP4,Y,L. kimchicus,Missed original trapping day by mistake so trapped late. No pit tag because didn‘«÷t use VC.,Main,2,73,G1,KB25.Fe,KB25xFexP2,1.44,17,30/09/2022,main,,,PF91062,NA,19020,32.18095436,4,4,61,66,462,462.015625,0.425841581,4.032962511
KB29xAxD15xP2,KB29,KB29.A.D15,KB29.A,28/05/2021,89,TX52567,NA,NA,KB,A,1,D15,NA,FM,48,21.1,17.9,D15,NA,N,Control,NA,Main,2,9,A9,KB29.A.D15,KB29xAxD15xP2,12.6,26.2,28/09/2022,main,,,TX52567,NA,26585,39.73259918,4,4,56,59,32,32,0,2.059527256
KB29xAxD8xP2,KB29,KB29.A.D8,KB29.A,21/05/2021,82,TX52567,NA,NA,KB,A,1,D8,NA,NA,23,16.4,11.2,D8,NA,Y,Control,NA,Main,2,20,B8,KB29.A.D8,KB29xAxD8xP2,14,33.6,28/09/2022,main,,,TX52567,NA,46991,39.73259918,4,4,56,59,58,58,0,1.2673989
KB29xBxD15xP1,KB29,KB29.B.D15,KB29.B,28/05/2021,89,PF91011,NA,NA,KB,B,1,D15,NA,FS,43,19.8,16.6,D15,NA,Y,Control,NA,Main,1,28,C4,KB29.B.D15,KB29xBxD15xP1,3.35,31.3,22/09/2022,main,Fire alarm.,,PF91011,NA,16288,39.73259918,4,4,56,59,44,44,0.73539826,2.092850911
KB29xBxD8xP3,KB29,KB29.B.D8,KB29.B,21/05/2021,82,RED RIGHT,NA,NA,KB,B,1,D8,NA,NA,17,14,8.8,D8,NA,N,Control,NA,Main,3,63,F3,KB29.B.D8,KB29xBxD8xP3,0,24.5,NA,repeat.swapIn,,repeat,PF91011,NA,23742,39.73259918,4,4,56,59,196,196,1.266859429,2.861297036
KB29xCxD15xP2,KB29,KB29.C.D15,KB29.C,28/05/2021,89,TX52568,NA,NA,KB,C,1,D15,NA,FM,49,20.5,18.7,D15,NA,N,Control,NA,Main,2,74,G2,KB29.C.D15,KB29xCxD15xP2,19.2,22.2,30/09/2022,main,,,TX52568,NA,46831,39.73259918,4,4,56,59,32,32,0,1.386712366
KB29xDxD15xP3,KB29,KB29.D.D15,KB29.D,28/05/2021,89,TX52569,NA,NA,KB,D,1,D15,NA,FM,50,20.9,18.1,D15,NA,N,Control,NA,Main,3,6,A6,KB29.D.D15,KB29xDxD15xP3,8.68,23.3,04/10/2022,main,,,TX52569,NA,38487,39.73259918,4,4,56,59,123,123,0.035569985,1.551207525
KB29xFexP2,KB29,KB29.Fe,KB29.Fe,24/05/2021,85,TW15303,NA,011017622B,KB,Fe,6,Adult,F,NA,69,20.7,16.9,Adult,NA,N,Control,NA,Main,2,82,G10,KB29.Fe,KB29xFexP2,0,21.4,04/10/2022,main,,,TW15303,NA,72317,39.73259918,4,4,56,59,492,492,0.222586354,3.451989607
KB29xMx2xP3,KB29,KB29.M.2,KB29.M,26/05/2021,87,TX52594,NA,NA,KB,M,6,Adult,M,NA,75,21.4,18.5,Adult,NA,Y,Control,"Alt sample. Tube mislabelled, KB29.M.1-tube is labelled TX52593",Main,3,75,G3,KB29.M.2,KB29xMx2xP3,0,5.08,NA,repeat.swapIn,,repeat,TX52594,NA,19754,39.73259918,4,4,56,59,58,58,0,3.189361415
KB908xAxD15xP1,KB908,KB908.A.D15,KB908.A,28/05/2021,89,TX52561,NA,NA,KB,A,1,D15,NA,FM,43,18.7,16.3,D15,NA,N,Control,NA,Main,1,5,A5,KB908.A.D15,KB908xAxD15xP1,7.52,27.3,21/09/2022,main,,,TX52561,NA,21885,13.16409549,6,6,54,57,112,112,0.031110178,2.133574012
KB908xBxD8x1xP1,KB908,KB908.B.D8,KB908.B,21/05/2021,82,TX52562,NA,NA,KB,B,1,D8,NA,FS,27,17.7,13.1,D8,NA,Y,Control,NA,Main,1,13,B1,KB908.B.D8.1,KB908xBxD8x1xP1,2.52,31.2,21/09/2022,main,,Non-contaminated version,TX52562,NA,33635,13.16409549,6,6,54,57,94,94,0.082898169,1.707514512
KB908xCxD15xP3,KB908,KB908.C.D15,KB908.C,28/05/2021,89,TX52563,NA,NA,KB,C,1,D15,NA,FM,48,19.9,17.6,D15,NA,N,Control,NA,Main,3,11,A11,KB908.C.D15,KB908xCxD15xP3,86.8,24.6,04/10/2022,main,,,TX52563,NA,20530,13.16409549,6,6,54,57,24,24,0,1.763248494
KB908xCxD8xP3,KB908,KB908.C.D8,KB908.C,21/05/2021,82,TX52563,NA,NA,KB,C,1,D8,NA,FS,25,17.1,11.8,D8,NA,Y,Control,NA,Main,3,25,C1,KB908.C.D8,KB908xCxD8xP3,16.1,23.4,05/10/2022,main,,,TX52563,NA,55034,13.16409549,6,6,54,57,241,241,0.234163234,1.480263806
KB908xDxD15xP2,KB908,KB908.D.D15,KB908.D,28/05/2021,89,TX52564,NA,NA,KB,D,1,D15,NA,FM,51,20.2,17.9,D15,NA,N,Control,NA,Main,2,32,C8,KB908.D.D15,KB908xDxD15xP2,2.41,32.9,29/09/2022,main,,,TX52564,NA,32033,13.16409549,6,6,54,57,66,66,0,1.587078949
KB908xDxD8xP1,KB908,KB908.D.D8,KB908.D,21/05/2021,82,TX52564,NA,NA,KB,D,1,D8,NA,FS,28,17.8,14.3,D8,NA,Y,Control,NA,Main,1,67,F7,KB908.D.D8,KB908xDxD8xP1,16.7,35.2,23/09/2022,main,,,TX52564,NA,50137,13.16409549,6,6,54,57,62,62,0,0.839861917
KB908xExD15xP3,KB908,KB908.E.D15,KB908.E,28/05/2021,89,TX52565,NA,NA,KB,E,1,D15,NA,FM,51,19.3,18.2,D15,NA,N,Control,NA,Main,3,50,E2,KB908.E.D15,KB908xExD15xP3,6.55,27,05/10/2022,main,,,TX52565,NA,49079,13.16409549,6,6,54,57,63,63,0,1.013485857
KB908xFexP1,KB908,KB908.Fe,KB908.Fe,24/05/2021,85,S873503,ND8,01101760F6,KB,Fe,6,Adult,F,NA,72,19.8,18.1,Adult,NA,N,Control,"Removed colour ring, A ring stuck.",Main,1,64,F4,KB908.Fe,KB908xFexP1,7.77,33.2,23/09/2022,main,,,S873503,NA,29180,13.16409549,6,6,54,57,106,106,0,1.669225667
KB908xFxD15xP3,KB908,KB908.F.D15,KB908.F,28/05/2021,89,TX52566,NA,NA,KB,F,1,D15,NA,FM,52,21,19.5,D15,NA,N,Control,NA,Main,3,46,D10,KB908.F.D15,KB908xFxD15xP3,46.3,25.8,05/10/2022,main,,,TX52566,NA,43415,13.16409549,6,6,54,57,47,47,0,0.99594401
KB910xAxD8xP3,KB910,KB910.A.D8,KB910.A,27/05/2021,88,RED RIGHT,NA,NA,KB,A,1,D8,NA,FS,18,13.5,7.8,D8,NA,N,Control,NA,Main,3,19,B7,KB910.A.D8,KB910xAxD8xP3,29.3,21.9,04/10/2022,main,,,UNR,NA,56165,46.83955318,5,0,59,65,215,215,0.263800195,1.387363698
KB910xBxD8xP2,KB910,KB910.B.D8,KB910.B,27/05/2021,88,TX52597,NA,NA,KB,B,1,D8,NA,FS,18,14.5,8.9,D8,NA,Y,Control,NA,Main,2,65,F5,KB910.B.D8,KB910xBxD8xP2,15.6,33.4,30/09/2022,main,,,TX52597,NA,36496,46.83955318,5,0,59,65,143,143,0.038327759,1.396348547
KB910xCxD8xP2,KB910,KB910.C.D8,KB910.C,27/05/2021,88,TX52598,NA,NA,KB,C,1,D8,NA,FS,19,14.7,11,D8,NA,Y,Control,NA,Main,2,93,H9,KB910.C.D8,KB910xCxD8xP2,0.064,4.4,NA,repeat.swapIn,,"PLATE 1 repeat, failed initial PCR amplification",TX52598,NA,34268,46.83955318,5,0,59,65,52,52,0,3.104121722
KB910xDxD8xP1,KB910,KB910.D.D8,KB910.D,27/05/2021,88,TX52599,NA,NA,KB,D,1,D8,NA,FS,19,14.7,8.9,D8,NA,Y,Control,NA,Main,1,29,C5,KB910.D.D8,KB910xDxD8xP1,16.1,15.5,22/09/2022,main,Fire alarm.,,TX52599,NA,15346,46.83955318,5,0,59,65,396,396.0232558,0.808529331,4.559554017
KB910xExD8xP1,KB910,KB910.E.D8,KB910.E,27/05/2021,88,TX52600,NA,NA,KB,E,1,D8,NA,FS,18,15,9.4,D8,NA,Y,Control,NA,Main,1,10,A10,KB910.E.D8,KB910xExD8xP1,41.4,42.3,21/09/2022,main,,,TX52600,NA,20109,46.83955318,5,0,59,65,117,117,0.409582754,1.312751581
KB910xFexP3,KB910,KB910.Fe,KB910.Fe,30/05/2021,91,TW15317,WN3,110175151,KB,Fe,6,Adult,F,NA,72,20.4,18.3,Adult,BP4,N,Control,NA,Main,3,32,C8,KB910.Fe,KB910xFexP3,0.979,27.3,05/10/2022,main,,,TW15317,NA,62782,46.83955318,5,0,59,65,111,111,0,1.201781028
KB910xFxD8xP2,KB910,KB910.F.D8,KB910.F,27/05/2021,88,PF91001,NA,NA,KB,F,1,D8,NA,FS,19,14.8,8.1,D8,NA,Y,Control,NA,Main,2,5,A5,KB910.F.D8,KB910xFxD8xP2,0.09,23.5,28/09/2022,main,,,PF91001,NA,44073,46.83955318,5,0,59,65,36,36,0,0.666793082
KB916xAxD15xP2,KB916,KB916.A.D15,KB916.A,31/05/2021,92,TX52593,NA,NA,KB,A,1,D15,NA,FS,35,18.1,13.2,D15,NA,N,Control,Originally entered on here as 'B' chick but when ringed was 'designated 'A' chick. Tube could be mislabelled.,Main,2,49,E1,KB916.A.D15,KB916xAxD15xP2,5.26,35.1,29/09/2022,main,,,TX52593,NA,43787,18.5024131,2,1,60,63,27,27,0,1.365734588
KB916xAxD8xP2,KB916,KB916.A.D8,KB916.A,24/05/2021,85,TX52593,NA,NA,KB,A,1,D8,NA,NA,18,10.7,14.8,D8,NA,Y,Control,NA,Main,2,91,H7,KB916.A.D8,KB916xAxD8xP2,4.03,15,NA,repeat.swapIn,,"PLATE 1 repeat, failed initial PCR amplification",TX52593,NA,20897,18.5024131,2,1,60,63,82,82,0,1.09240661
KB916xFexP2,KB916,KB916.Fe,KB916.Fe,28/05/2021,89,TW15053,RU1,0700EDBBBE,KB,Fe,6,Adult,F,NA,74,21,18.7,Adult,BP4,N,Control,NA,Main,2,18,B6,KB916.Fe,KB916xFexP2,0,22.9,28/09/2022,main,,,TW15053,NA,38332,18.5024131,2,1,60,63,62,62,0.496015873,2.041120749
