Sample_ID,Plate,Plate_sample_no.,Plate_well,Azenta_ID,Azenta_noPeriod,N7,N7_seq,S5,S5_seq,Qubit_prePCR,Qubit_prePool,Date_extracted,SampleType,Duplicate,Discard,Extraction_notes,LibPrep_notes,Bird_ID,Post_lab_notes
Blank,3,80,G8,pcr.blank,pcrxblankxP3,N710,CGAGGCTG,S521,GAGCCTTA,0,7,,lab_error,NA,NA,,low master mix soln. so little used here. Successful blank above though so could discard this,NA,NA
BLANK,1,96,H12,PCR.Blank,PCRxBlankxP1,N715,ATCTCAGG,S511,TCTCTCCG,,2.53,,control,NA,NA,,,NA,NA
BLANK,3,69,F9,BLANK,BLANKxP3,N711,AAGAGGCA,S520,AAGGCTAT,0,18.8,,control,NA,NA,,changed from Dw46.M.alt as it was contaminated in the field,NA,NA
CB02.A.D8,1,50,E2,CB02.A.D8,CB02xAxD8xP1,N702,CGTACTAG,S507,AAGGAGTA,12.6,40.8,23/09/2022,main,NA,NA,,,PF91002,NA
CB2.A.D15,3,56,E8,CB2.A.D15,CB2xAxD15xP3,N710,CGAGGCTG,S518,CTATTAAG,0.559,28.1,05/10/2022,main,NA,NA,,,PF91002,NA
CB2.B.D15,2,90,H6,CB2.B.D15,CB2xBxD15xP2,N722,ATGCGCAG,S522,TTATGCGA,0.09,21.5,,repeat,NA,NA,,"PLATE 1 repeat, failed initial PCR amplification",PF91003,NA
CB2.B.D15,1,17,B5,CB2.B.D15,CB2xBxD15xP1,N705,GGACTCCT,S503,TATCCTCT,0.187,25.4,21/09/2022,main,NA,NA,,,PF91003,NA
CB2.B.D8,2,17,B5,CB2.B.D8,CB2xBxD8xP2,N721,TACGCTGC,S515,TTCTAGCT,0.335,26.6,28/09/2022,main,NA,NA,,,PF91003,NA
CB2.C.D15,1,46,D10,CB2.C.D15,CB2xCxD15xP1,N712,GTAGAGGA,S506,ACTGCATA,0.202,29.3,22/09/2022,main,NA,NA,Fire alarm.,,PF91004,NA
CB2.C.D8,2,1,A1,CB2.C.D8,CB2xCxD8xP2,N716,ACTCGCTA,S513,TCGACTAG,0,30.9,27/09/2022,main,NA,NA,,,PF91004,NA
CB2.D.D15,3,17,B5,CB2.D.D15,CB2xDxD15xP3,N705,GGACTCCT,S515,TTCTAGCT,0,22.1,04/10/2022,main,NA,NA,,,PF91047,NA
CB2.Fe,2,62,F2,CB2.Fe,CB2xFexP2,N718,GGAGCTAC,S520,AAGGCTAT,0.063,32,30/09/2022,main,NA,NA,,,NZ05643,NA
CB2.Fe,3,73,G1,CB2.Fe,CB2xFexP3,N701,TAAGGCGA,S521,GAGCCTTA,0,19.7,,repeat,NA,NA,,repeat,NZ05643,NA
CB2.M,2,59,E11,CB2.M,CB2xMxP2,N728,TGCAGCTA,S518,CTATTAAG,0.059,25.5,30/09/2022,main,NA,NA,small sample,,PF91033,NA
CB2.M,3,72,F12,CB2.M,CB2xMxP3,N715,ATCTCAGG,S520,AAGGCTAT,0,0,,repeat,NA,NA,,repeat,PF91033,NA
KB20.Fe,2,79,G7,CB20.Fe,CB20xFexP2,N723,TAGCGCTC,S521,GAGCCTTA,0,0.727,04/10/2022,main,NA,NA,,,VZ80567,NA
KB20.Fe,3,76,G4,CB20.Fe,CB20xFexP3,N704,TCCTGAGC,S521,GAGCCTTA,0,16.8,,repeat,NA,NA,,repeat,VZ80567,NA
CB23.A.D15,1,56,E8,CB23.A.D15,CB23xAxD15xP1,N710,CGAGGCTG,S507,AAGGAGTA,1.81,20.9,23/09/2022,main,NA,NA,,,PF91006,NA
CB23.B.D15,3,20,B8,CB23.B.D15,CB23xBxD15xP3,N710,CGAGGCTG,S515,TTCTAGCT,1.42,27.7,04/10/2022,main,NA,NA,,,PF91007,NA
CB23.C.D15,3,8,A8,CB23.C.D15,CB23xCxD15xP3,N710,CGAGGCTG,S513,TCGACTAG,2.45,23.4,04/10/2022,main,NA,NA,,,PF91008,NA
CB23.C.D8,2,14,B2,CB23.C.D8,CB23xCxD8xP2,N718,GGAGCTAC,S515,TTCTAGCT,0.266,19.2,28/09/2022,main,NA,NA,,,PF91008,NA
CB23.D.D15,2,68,F8,CB23.D.D15,CB23xDxD15xP2,N724,ACTGAGCG,S520,AAGGCTAT,0.368,30.5,30/09/2022,main,NA,NA,,,PF91009,NA
CB23.D.D8,1,91,H7,CB23.D.D8,CB23xDxD8xP1,N707,CTCTCTAC,S511,TCTCTCCG,1.1,36.6,27/09/2022,main,NA,NA,,,PF91009,NA
CB23.Fe,3,26,C2,CB23.Fe.1,CB23xFex1xP3,N702,CGTACTAG,S516,CCTAGAGT,0.067,25.6,05/10/2022,duplicate,NA,NA,,Sample has unexplained duplicate,PF91038,NA
CB26.A.D8,1,82,G10,CB26.A.D8,CB26xAxD8xP1,N712,GTAGAGGA,S510,CGTCTAAT,2.5,21.5,27/09/2022,main,NA,NA,,,TX52571,NA
CB26.B.D15,2,44,D8,CB26.B.D15,CB26xBxD15xP2,N724,ACTGAGCG,S517,GCGTAAGA,14.5,29.6,29/09/2022,main,NA,NA,,,TX52570,NA
CB26.B.D8,2,52,E4,CB26.B.D8,CB26xBxD8xP2,N720,CGGAGCCT,S518,CTATTAAG,2.8,29.8,30/09/2022,main,NA,NA,,,TX52570,NA
CB26.Fe,3,68,F8,CB26.Fe,CB26xFexP3,N710,CGAGGCTG,S520,AAGGCTAT,0,11.5,,repeat,NA,NA,,repeat,PF91020,NA
CB26.Fe,2,47,D11,CB26.Fe,CB26xFexP2,N728,TGCAGCTA,S517,GCGTAAGA,0,1.24,29/09/2022,main,NA,NA,,,PF91020,NA
CB26.M,3,12,A12,CB26.M,CB26xMxP3,N715,ATCTCAGG,S513,TCGACTAG,0.062,31.2,04/10/2022,main,NA,NA,small sample,,PF91021,NA
CB26.X.D15,3,14,B2,CB26.X.D15.unsure,CB26xXxD15xunsurexP3,N702,CGTACTAG,S515,TTCTAGCT,0,20.1,04/10/2022,label_error,NA,NA,tube labelled cb26.x.d15,,PF91012,NA
CB39.A.D8,3,44,D8,CB39.A.D8,CB39xAxD8xP3,N710,CGAGGCTG,S517,GCGTAAGA,1.27,23.2,05/10/2022,main,NA,NA,,,UNR,NA
CB39.B.D8,3,2,A2,CB39.B.D8,CB39xBxD8xP3,N702,CGTACTAG,S513,TCGACTAG,0.802,24.5,04/10/2022,main,NA,NA,,,PF91005,NA
CB39.Fe,3,52,E4,CB39.Fe,CB39xFexP3,N704,TCCTGAGC,S518,CTATTAAG,0,11.9,05/10/2022,main,NA,NA,,,VZ80761,NA
CB56.A.D15,1,57,E9,CB56.A.D15,CB56xAxD15xP1,N711,AAGAGGCA,S507,AAGGAGTA,5.73,30,23/09/2022,main,NA,NA,,,PF91029,NA
CB56.A.D8,2,35,C11,CB56.A.D8,CB56xAxD8xP2,N728,TGCAGCTA,S516,CCTAGAGT,2.16,23.5,29/09/2022,main,NA,NA,,,PF91029,NA
CB56.B.D15,1,72,F12,CB56.B.D15,CB56xBxD15xP1,N715,ATCTCAGG,S508,CTAAGCCT,25,24.1,23/09/2022,main,NA,NA,,,PF91031,NA
CB56.B.D8,3,3,A3,CB56.B.D8,CB56xBxD8xP3,N703,AGGCAGAA,S513,TCGACTAG,7.34,26.8,04/10/2022,main,NA,NA,,,PF91031,NA
CB56.C.D15,1,30,C6,CB56.C.D15,CB56xCxD15xP1,N706,TAGGCATG,S505,GTAAGGAG,4.2,17,22/09/2022,main,NA,NA,Fire alarm.,,PF91030,NA
CB56.C.D15,3,59,E11,CB56.C.D15,CB56xCxD15xP3,N714,GCTCATGA,S518,CTATTAAG,3.49,24.8,22/09/2022,common,NA,NA,,common,PF91030,NA
CB56.C.D15,2,85,H1,CB56.C.D15,CB56xCxD15xP2,N716,ACTCGCTA,S522,TTATGCGA,3.79,19.5,22/09/2022,common,NA,NA,,common,PF91030,NA
CB56.C.D8,3,48,D12,CB56.C.D8,CB56xCxD8xP3,N715,ATCTCAGG,S517,GCGTAAGA,16.4,29.3,05/10/2022,main,NA,NA,,,PF91030,NA
CB56.D.D15,3,47,D11,CB56.D.D15,CB56xDxD15xP3,N714,GCTCATGA,S517,GCGTAAGA,5.3,27.7,05/10/2022,contam,NA,NA,contam,,PF91032,NA
CB56.D.D15.alt,3,1,A1,CB56.D.D15.alt,CB56xDxD15xaltxP3,N701,TAAGGCGA,S513,TCGACTAG,0.974,27.1,04/10/2022,main,NA,NA,small sample,,PF91032,NA
CB56.Fe,3,55,E7,CB23.Fe.2,CB23xFex2xP3,N707,CTCTCTAC,S518,CTATTAAG,0.271,23.5,05/10/2022,duplicate,NA,NA,,Sample has unexplained duplicate,PF91049,NA
CB62.A.D15,1,80,G8,CB62.A.D15,CB62xAxD15xP1,N710,CGAGGCTG,S510,CGTCTAAT,17.5,35.4,27/09/2022,main,NA,NA,,,TX52572,NA
CB62.A.D15,2,87,H3,CB62.A.D15,CB62xAxD15xP2,N719,GCGTAGTA,S522,TTATGCGA,13.6,22.1,27/09/2022,common,NA,NA,,common,TX52572,NA
CB62.A.D15,3,61,F1,CB62.A.D15,CB62xAxD15xP3,N701,TAAGGCGA,S520,AAGGCTAT,13.6,27.2,27/09/2022,common,NA,NA,,common,TX52572,NA
CB62.A.D8,2,28,C4,CB62.A.D8,CB62xAxD8xP2,N720,CGGAGCCT,S516,CCTAGAGT,4.26,31.3,29/09/2022,main,NA,NA,,,TX52572,NA
CB62.B.D15,3,78,G6,CB62.B.D15,CB62xBxD15xP3,N706,TAGGCATG,S521,GAGCCTTA,0,24.8,04/10/2022,repeat,NA,NA,,"repeat, changed from blank to CB62.B.d15",TX52573,NA
CB62.B.D15,2,80,G8,CB62.B.D15,CB62xBxD15xP2,N724,ACTGAGCG,S521,GAGCCTTA,4.47,3.34,04/10/2022,main,NA,NA,,,TX52573,NA
CB62.B.D15,3,77,G5,CB62.B.D15.error,CB62xBxD15xerrorxP3,N705,GGACTCCT,S521,GAGCCTTA,0,29.4,04/10/2022,contam,NA,NA,,"repeat, contaminated with Kb22 sample",TX52573,NA
CB62.B.D8,1,76,G4,CB62.B.D8,CB62xBxD8xP1,N704,TCCTGAGC,S510,CGTCTAAT,0.096,25.7,27/09/2022,main,NA,NA,,,TX52573,NA
CB62.C.D15,2,12,A12,CB62.C.D15,CB62xCxD15xP2,N729,TCGACGTC,S513,TCGACTAG,2.02,34.5,28/09/2022,main,NA,NA,,,TX52574,NA
CB62.C.D8,2,40,D4,CB62.C.D8,CB62xCxD8xP2,N720,CGGAGCCT,S517,GCGTAAGA,1.79,27.1,29/09/2022,main,NA,NA,,,TX52574,NA
CB62.D.D15,2,56,E8,CB62.D.D15,CB62xDxD15xP2,N724,ACTGAGCG,S518,CTATTAAG,11.3,27.4,30/09/2022,main,NA,NA,,,TX52575,NA
CB62.D.D8,2,67,F7,CB62.D.D8,CB62xDxD8xP2,N723,TAGCGCTC,S520,AAGGCTAT,2.45,23.5,30/09/2022,main,NA,NA,,,TX52575,NA
CB62.E.D15,1,32,C8,CB62.E.D15,CB62xExD15xP1,N710,CGAGGCTG,S505,GTAAGGAG,53,28.4,22/09/2022,main,NA,NA,Fire alarm.,,PF91013,NA
CB62.F.D15,3,22,B10,CB62.D.D15,CB62xDxD15xP3,N712,GTAGAGGA,S515,TTCTAGCT,7.73,26.4,04/10/2022,main,NA,NA,,,PF91014,NA
CB62.Fe,3,38,D2,CB62.Fe,CB62xFexP3,N702,CGTACTAG,S517,GCGTAAGA,1.77,25.6,05/10/2022,main,NA,NA,,,PF91022,NA
CB62.M,1,11,A11,CB62.M,CB62xMxP1,N714,GCTCATGA,S502,CTCTCTAT,25,45.9,21/09/2022,main,NA,NA,,,PF91019,NA
control.3,2,51,E3,control.3,controlx3xP2,N719,GCGTAGTA,S518,CTATTAAG,0,0.124,29/09/2022,control,NA,NA,used empty non-sterile screwcap from cupboard. Placed in mivac with other samples while drying. Added C1 to this tube then added C1 to powerbead.,,control.3,NA
DW11.A.D15,2,27,C3,DW11.A.D15,DW11xAxD15xP2,N719,GCGTAGTA,S516,CCTAGAGT,28.3,34.2,28/09/2022,main,NA,NA,,,PF91064,NA
DW11.A.D8,1,75,G3,DW11.A.D8,DW11xAxD8xP1,N703,AGGCAGAA,S510,CGTCTAAT,9.36,32.6,27/09/2022,main,NA,NA,,,PF91064,NA
DW11.B.D15,3,7,A7,DW11.B.D15,DW11xBxD15xP3,N707,CTCTCTAC,S513,TCGACTAG,11.4,17.3,04/10/2022,main,NA,NA,,,PF91063,NA
DW11.B.D8,2,78,G6,DW11.B.D8,DW11xBxD8xP2,N722,ATGCGCAG,S521,GAGCCTTA,38.9,20.5,04/10/2022,main,NA,NA,,,PF91063,NA
DW11.C.D15,3,33,C9,DW11.C.D15,DW11xCxD15xP3,N711,AAGAGGCA,S516,CCTAGAGT,6.79,22.7,05/10/2022,main,NA,NA,,,PF91066,NA
DW11.C.D8,1,9,A9,DW11.C.D8,DW11xCxD8xP1,N711,AAGAGGCA,S502,CTCTCTAT,6.58,36.7,21/09/2022,main,NA,NA,,,PF91066,NA
DW11.D.D15,1,63,F3,DW11.D.D15,DW11xDxD15xP1,N703,AGGCAGAA,S508,CTAAGCCT,9.99,34.7,23/09/2022,main,NA,NA,,,PF91065,NA
DW11.D.D8,1,69,F9,DW11.D.D8,DW11xDxD8xP1,N711,AAGAGGCA,S508,CTAAGCCT,4.2,29.7,23/09/2022,main,NA,NA,,,PF91065,NA
DW11.Fe,2,25,C1,DW11.Fe,DW11xFexP2,N716,ACTCGCTA,S516,CCTAGAGT,1.14,34.1,28/09/2022,main,NA,NA,,,PF91072,NA
DW138.A.D8,1,36,C12,DW138.A.D8,DW138xAxD8xP1,N715,ATCTCAGG,S505,GTAAGGAG,1.23,27.6,22/09/2022,main,NA,NA,Fire alarm.,,UNR,NA
DW138.Fe,3,13,B1,DW138.Fe,DW138xFexP3,N701,TAAGGCGA,S515,TTCTAGCT,0.099,9.56,04/10/2022,main,NA,NA,,,PF91085,NA
DW15.A.D15,2,89,H5,DW15.A.D15,DW15xAxD15xP2,N721,TACGCTGC,S522,TTATGCGA,0.07,6.63,,repeat,NA,NA,,"PLATE 1 repeat, failed index PCR",PF91039,NA
DW15.A.D15,1,54,E6,DW15.A.D15,DW15xAxD15xP1,N706,TAGGCATG,S507,AAGGAGTA,0.123,30,23/09/2022,main,NA,NA,,,PF91039,NA
DW15.A.D8,3,42,D6,DW15.A.D8,DW15xAxD8xP3,N706,TAGGCATG,S517,GCGTAAGA,4.03,26.7,05/10/2022,main,NA,NA,,,PF91039,NA
DW15.B.D15,1,12,A12,DW15.B.D15,DW15xBxD15xP1,N715,ATCTCAGG,S502,CTCTCTAT,0.185,21.5,21/09/2022,main,NA,NA,,,PF91041,NA
DW15.B.D8,3,36,C12,DW15.B.D8,DW15xBxD8xP3,N715,ATCTCAGG,S516,CCTAGAGT,13.3,28,05/10/2022,main,NA,NA,,,PF91041,NA
DW15.C.D15,3,35,C11,DW15.C.D15,DW15xCxD15xP3,N714,GCTCATGA,S516,CCTAGAGT,8.49,19.1,05/10/2022,main,NA,NA,,,PF91042,NA
DW15.C.D8,1,65,F5,DW15.C.D8,DW15xCxD8xP1,N705,GGACTCCT,S508,CTAAGCCT,4.97,32.9,23/09/2022,main,NA,NA,,,PF91042,NA
DW15.D.D15,1,33,C9,DW15.D.D15,DW15xDxD15xP1,N711,AAGAGGCA,S505,GTAAGGAG,0.252,25.8,22/09/2022,main,NA,NA,Fire alarm.,,PF91071,NA
DW15.D.D8,2,21,B9,DW15.D.D8,DW15xDxD8xP2,N726,CCTAAGAC,S515,TTCTAGCT,0.289,25.1,28/09/2022,main,NA,NA,,,PF91071,NA
DW15.E.D8,3,18,B6,DW15.E.D8,DW15xExD8xP3,N706,TAGGCATG,S515,TTCTAGCT,5.81,29,04/10/2022,main,NA,NA,,,PF91040,NA
DW15.Fe.1,2,77,G5,DW15.Fe.1,DW15xFex1xP2,N721,TACGCTGC,S521,GAGCCTTA,3.04,19.6,04/10/2022,main,NA,NA,,,PF91052,NA
DW15.Fe.2,2,53,E5,DW15.Fe.2,DW15xFex2xP2,N721,TACGCTGC,S518,CTATTAAG,0.623,29,30/09/2022,main,NA,NA,,,PF91052,NA
DW15.M,2,15,B3,DW15.M,DW15xMxP2,N719,GCGTAGTA,S515,TTCTAGCT,2.84,29,28/09/2022,main,NA,NA,,,PF91051,NA
DW27.A.D15,1,81,G9,DW27.A.D15,DW27xAxD15xP1,N711,AAGAGGCA,S510,CGTCTAAT,16.8,31.7,27/09/2022,main,NA,NA,Was on this sheet as incorrectly 'DW27.C.D15' but tube labelled Dw27.A,,PF91034,NA
DW27.A.D8,3,34,C10,DW27.A.D8,DW27xAxD8xP3,N712,GTAGAGGA,S516,CCTAGAGT,8.17,25.3,05/10/2022,main,NA,NA,,,PF91034,NA
DW27.B.D15,2,30,C6,DW27.B.D15,DW27xBxD15xP2,N722,ATGCGCAG,S516,CCTAGAGT,21.5,35.5,29/09/2022,main,NA,NA,,,PF91035,NA
DW27.B.D8,1,89,H5,DW27.B.D8,DW27xBxD8xP1,N705,GGACTCCT,S511,TCTCTCCG,4.81,21.6,27/09/2022,main,NA,NA,,,PF91035,NA
DW27.C.D15,2,39,D3,DW27.C.D15,DW27xCxD15xP2,N719,GCGTAGTA,S517,GCGTAAGA,24.9,26.5,29/09/2022,main,NA,NA,,,PF91036,NA
DW27.C.D8,1,83,G11,DW27.C.D8,DW27xCxD8xP1,N714,GCTCATGA,S510,CGTCTAAT,7.76,35,27/09/2022,main,NA,NA,,,PF91036,NA
DW27.D.D15,2,69,F9,DW27.D.D15,DW27xDxD15xP2,N726,CCTAAGAC,S520,AAGGCTAT,3.53,28.4,30/09/2022,main,NA,NA,,,PF91037,NA
DW27.Fe,1,45,D9,DW27.Fe,DW27xFexP1,N711,AAGAGGCA,S506,ACTGCATA,12.6,33.4,22/09/2022,main,NA,NA,Fire alarm.,,PF91059,NA
DW27.M,2,66,F6,DW27.M,DW27xMxP2,N722,ATGCGCAG,S520,AAGGCTAT,0.062,29.6,30/09/2022,contam,NA,NA,CONTAM,,PF91060,NA
DW27.M,3,74,G2,DW27.M,DW27xMxP3,N702,CGTACTAG,S521,GAGCCTTA,0,4.02,,repeat,NA,NA,,repeat,PF91060,NA
DW46.A.D15,2,10,A10,DW46.A.D15,DW46xAxD15xP2,N727,CGATCAGT,S513,TCGACTAG,1.48,24,28/09/2022,main,NA,NA,,,PF91074,NA
DW46.A.D8,2,19,B7,DW46.A.D8,DW46xAxD8xP2,N723,TAGCGCTC,S515,TTCTAGCT,9.05,29.2,28/09/2022,main,NA,NA,,,PF91074,NA
DW46.B.D8,1,18,B6,DW46.B.D8,DW46xBxD8xP1,N706,TAGGCATG,S503,TATCCTCT,5.3,15.4,21/09/2022,main,NA,NA,,,PF91077,NA
DW46.C.D15,1,66,F6,DW46.C.D15,DW46xCxD15xP1,N706,TAGGCATG,S508,CTAAGCCT,2.34,24.5,23/09/2022,main,NA,NA,,,PF91076,NA
DW46.D.D15,3,49,E1,DW46.D.D15,DW46xDxD15xP3,N701,TAAGGCGA,S518,CTATTAAG,4.44,25.3,05/10/2022,main,NA,NA,,,PF91078,NA
DW46.E.D15,1,90,H6,DW46.E.D15,DW46xExD15xP1,N706,TAGGCATG,S511,TCTCTCCG,1.86,28.2,27/09/2022,main,NA,NA,,,PF91075,NA
DW46.M,1,39,D3,DW46.M,DW46xMxP1,N703,AGGCAGAA,S506,ACTGCATA,3.06,37.4,22/09/2022,main,NA,NA,Fire alarm.,,PF91079,NA
DW46.M.alt,2,48,D12,DW46.M.alt,DW46xMxaltxP2,N729,TCGACGTC,S517,GCGTAAGA,0,0.496,29/09/2022,contam,NA,NA,contam,,PF91079,NA
DW49.A.D15,3,66,F6,DW49.A.D15,DW49xAxD15xP3,N706,TAGGCATG,S520,AAGGCTAT,0,24.6,,repeat,NA,NA,,repeat,PF91068,NA
DW49.A.D15,2,42,D6,DW49.A.D15,DW49xAxD15xP2,N722,ATGCGCAG,S517,GCGTAAGA,0,5.28,29/09/2022,main,NA,NA,some ethanol had not evaporated but scraped sample into powerbead tube anyway,,PF91068,NA
DW49.A.D8,3,30,C6,DW49.A.D8,DW49xAxD8xP3,N706,TAGGCATG,S516,CCTAGAGT,0.23,27.6,05/10/2022,main,NA,NA,,,PF91068,NA
DW49.B.D15,1,15,B3,DW49.B.D15,DW49xBxD15xP1,N703,AGGCAGAA,S503,TATCCTCT,0.199,26.8,21/09/2022,main,NA,NA,,,PF91069,NA
DW49.B.D8,1,87,H3,DW49.B.D8,DW49xBxD8xP1,N703,AGGCAGAA,S511,TCTCTCCG,1.44,20.3,27/09/2022,main,NA,NA,,,PF91069,NA
DW49.C.D15,2,33,C9,DW49.C.D15,DW49xCxD15xP2,N726,CCTAAGAC,S516,CCTAGAGT,0.127,30.5,29/09/2022,main,NA,NA,,,PF91070,NA
DW49.C.D8,1,27,C3,DW49.C.D8,DW49xCxD8xP1,N703,AGGCAGAA,S505,GTAAGGAG,1.13,36.6,22/09/2022,main,NA,NA,Fire alarm.,,PF91070,NA
DW49.Fe,2,86,H2,DW49.Fe,DW49xFexP2,N718,GGAGCTAC,S522,TTATGCGA,2.26,19.8,23/09/2022,common,NA,NA,,common,PF91073,NA
DW49.Fe,3,60,E12,DW49.Fe,DW49xFexP3,N715,ATCTCAGG,S518,CTATTAAG,2.45,23,23/09/2022,common,NA,NA,,common,PF91073,NA
DW49.Fe,1,60,E12,DW49.Fe,DW49xFexP1,N715,ATCTCAGG,S507,AAGGAGTA,5.63,23.7,23/09/2022,main,NA,NA,,,PF91073,NA
DW8.A.D15,1,42,D6,DW8.A.D15,DW8xAxD15xP1,N706,TAGGCATG,S506,ACTGCATA,1.82,27.1,22/09/2022,main,NA,NA,Fire alarm.,,PF91080,NA
DW8.A.D8,2,3,A3,DW8.A.D8,DW8xAxD8xP2,N719,GCGTAGTA,S513,TCGACTAG,1.68,31.9,27/09/2022,main,NA,NA,,,PF91080,NA
DW8.B.D15,1,21,B9,DW8.B.D15,DW8xBxD15xP1,N711,AAGAGGCA,S503,TATCCTCT,4.56,35.5,21/09/2022,main,NA,NA,,,PF91086,NA
DW8.B.D8,1,93,H9,DW8.B.D8,DW8xBxD8xP1,N711,AAGAGGCA,S511,TCTCTCCG,0,23.6,27/09/2022,main,NA,NA,,,UNR,NA
DW8.C.D15,1,47,D11,DW8.C.D15,DW8xCxD15xP1,N714,GCTCATGA,S506,ACTGCATA,2.34,31.7,22/09/2022,main,NA,NA,Fire alarm.,,PF91081,NA
DW8.C.D8,3,15,B3,DW8.C.D8,DW8xCxD8xP3,N703,AGGCAGAA,S515,TTCTAGCT,0.061,19.1,04/10/2022,main,NA,NA,,,PF91081,NA
DW8.D.D15,2,36,C12,DW8.D.D15,DW8xDxD15xP2,N729,TCGACGTC,S516,CCTAGAGT,1.57,22.4,29/09/2022,main,NA,NA,,,PF91083,NA
DW8.D.D8,2,57,E9,DW8.D.D8,DW8xDxD8xP2,N726,CCTAAGAC,S518,CTATTAAG,0.504,26.5,30/09/2022,main,NA,NA,,,PF91083,NA
DW8.E.D15,2,63,F3,DW8.E.D15,DW8xExD15xP2,N719,GCGTAGTA,S520,AAGGCTAT,9.28,26.3,30/09/2022,main,NA,NA,,,PF91082,NA
DW8.E.D8,2,22,B10,DW8.E.D8,DW8xExD8xP2,N727,CGATCAGT,S515,TTCTAGCT,0.893,25.4,28/09/2022,main,NA,NA,,,PF91082,NA
DW8.Fe,3,10,A10,DW8.Fe,DW8xFexP3,N712,GTAGAGGA,S513,TCGACTAG,2.11,26.9,04/10/2022,main,NA,NA,,,PF91084,NA
extractionControl1,1,24,B12,extractionControl1,extractionControl1xP1,N715,ATCTCAGG,S503,TATCCTCT,0.163,21.3,21/09/2022,control,NA,NA,Blank control. Started extraction with kit tube but without sample material. Did not put in mi-vac,,extractionControl1,NA
extractionControl2,1,48,D12,extractionControl2,extractionControl2xP1,N715,ATCTCAGG,S506,ACTGCATA,0.155,16.3,22/09/2022,control,NA,NA,put empty non-sterile tube in mivac and pipetted cd1 fluid into this tube before starting extraction. Fire alarm.,,extractionControl2,NA
IN1.A.D15,1,23,B11,IN1.A.D15,IN1xAxD15xP1,N714,GCTCATGA,S503,TATCCTCT,2.07,46.2,21/09/2022,lab_error_possible,NA,NA,Possibly added DNA from tube 22 (i.e. KB15.f.d15 to this tube,,PF91023,NA
IN1.A.D8,1,35,C11,IN1.A.D8,IN1xAxD8xP1,N714,GCTCATGA,S505,GTAAGGAG,14.4,31.9,22/09/2022,main,NA,NA,Fire alarm.,,PF91023,NA
IN1.B.D15,1,6,A6,IN1.B.D15,IN1xBxD15xP1,N706,TAGGCATG,S502,CTCTCTAT,2.28,18.1,21/09/2022,main,NA,NA,,,PF91024,NA
IN1.B.D8,3,23,B11,IN1.B.D8,IN1xBxD8xP3,N714,GCTCATGA,S515,TTCTAGCT,0,14.9,04/10/2022,main,NA,NA,,,PF91024,NA
IN1.C.D15,3,37,D1,IN1.C.D15,IN1xCxD15xP3,N701,TAAGGCGA,S517,GCGTAAGA,0.142,26.8,05/10/2022,main,NA,NA,,,PF91025,NA
IN1.C.D8,3,5,A5,IN1.C.D8,IN1xCxD8xP3,N705,GGACTCCT,S513,TCGACTAG,16,25.8,04/10/2022,main,NA,NA,,,PF91025,NA
IN1.D.D15,3,45,D9,IN1.D.D15,IN1xDxD15xP3,N711,AAGAGGCA,S517,GCGTAAGA,18.4,23.9,05/10/2022,main,NA,NA,,,PF91026,NA
IN1.D.D8,3,40,D4,IN1.D.D8,IN1xDxD8xP3,N704,TCCTGAGC,S517,GCGTAAGA,0.33,19.9,05/10/2022,lab_error_possible,NA,NA,,*Possibly* contaminated with KB10.E.D8 (well C4). Consider discarding this.,PF91026,NA
IN1.Fe,2,2,A2,IN1.Fe,IN1xFexP2,N718,GGAGCTAC,S513,TCGACTAG,1.33,0.224,27/09/2022,main,NA,NA,,,PF91050,NA
IN22.A.D15,1,78,G6,IN22.A.D15,IN22xAxD15xP1,N706,TAGGCATG,S510,CGTCTAAT,11.2,32.8,27/09/2022,main,NA,NA,,,PF91027,NA
IN22.A.D8,1,38,D2,IN22.A.D8,IN22xAxD8xP1,N702,CGTACTAG,S506,ACTGCATA,9.33,37.3,22/09/2022,main,NA,NA,Fire alarm.,,PF91027,NA
IN22.B.D15,2,45,D9,IN22.B.D15,IN22xBxD15xP2,N726,CCTAAGAC,S517,GCGTAAGA,69,26.2,29/09/2022,main,NA,NA,,,PF91028,NA
IN22.B.D8,3,16,B4,IN22.B.D8,IN22xBxD8xP3,N704,TCCTGAGC,S515,TTCTAGCT,13.8,39.7,04/10/2022,lab_error_possible,NA,NA,,*Possibly* contaminated with KB10.E.D8 (well C4). Consider discarding this.,PF91028,NA
IN22.C.D15,2,54,E6,IN22.C.D15,IN22xCxD15xP2,N722,ATGCGCAG,S518,CTATTAAG,18,30,30/09/2022,main,NA,NA,,,PF91061,NA
IN22.Fe,1,71,F11,IN22.Fe,IN22xFexP1,N714,GCTCATGA,S508,CTAAGCCT,1.07,34.9,23/09/2022,main,NA,NA,,,PF91057,NA
IN25.A.D15,3,70,F10,IN25.A.D15,IN25xAxD15xP3,N712,GTAGAGGA,S520,AAGGCTAT,0,20.2,,repeat,NA,NA,,repeat,PF91045,NA
IN25.A.D15,2,50,E2,IN25.A.D15,IN25xAxD15xP2,N718,GGAGCTAC,S518,CTATTAAG,0.78,34.1,29/09/2022,main,NA,NA,,,PF91045,NA
IN25.A.D8,3,54,E6,IN25.A.D8,IN25xAxD8xP3,N706,TAGGCATG,S518,CTATTAAG,10.4,31,05/10/2022,main,NA,NA,,,PF91045,NA
IN25.B.D15,2,81,G9,IN25.B.D15,IN25xBxD15xP2,N726,CCTAAGAC,S521,GAGCCTTA,5,23.8,04/10/2022,main,NA,NA,,,PF91046,NA
IN25.B.D8,2,72,F12,IN25.B.D8,IN25xBxD8xP2,N729,TCGACGTC,S520,AAGGCTAT,4.01,27.6,30/09/2022,main,NA,NA,,,PF91046,NA
IN25.Fe,1,68,F8,IN25.Fe,IN25xFexP1,N710,CGAGGCTG,S508,CTAAGCCT,1.42,33.6,23/09/2022,main,NA,NA,,,PF91044,NA
IN8.A.D15,1,20,B8,IN8.A.D15,IN8xAxD15xP1,N710,CGAGGCTG,S503,TATCCTCT,1.03,27.5,21/09/2022,main,NA,NA,,,TX52577,NA
IN8.A.D8,2,76,G4,IN8.A.D8,IN8xAxD8xP2,N720,CGGAGCCT,S521,GAGCCTTA,2.07,22.1,04/10/2022,main,NA,NA,,,TX52577,NA
IN8.B.D15,2,61,F1,IN8.B.D15,IN8xBxD15xP2,N716,ACTCGCTA,S520,AAGGCTAT,0.364,28.3,30/09/2022,main,NA,NA,,,TX52576,NA
IN8.B.D8,1,37,D1,IN8.B.D8,IN8xBxD8xP1,N701,TAAGGCGA,S506,ACTGCATA,1.19,29.5,22/09/2022,main,NA,NA,Fire alarm.,,,NA
IN8.C.D15,2,37,D1,IN8.C.D15,IN8xCxD15xP2,N716,ACTCGCTA,S517,GCGTAAGA,0.707,24.1,29/09/2022,main,NA,NA,,,TX52578,NA
IN8.Fe,1,88,H4,IN8.Fe,IN8xFexP1,N704,TCCTGAGC,S511,TCTCTCCG,1.29,23.3,27/09/2022,main,NA,NA,,,S842652,NA
KB04.A.D8,1,79,G7,KB04.A.D8,KB04xAxD8xP1,N707,CTCTCTAC,S510,CGTCTAAT,14.7,34.7,27/09/2022,main,NA,NA,,,TX52586,NA
KB04.B.D8,1,34,C10,KB04.B.D8,KB04xBxD8xP1,N712,GTAGAGGA,S505,GTAAGGAG,3.08,28.3,22/09/2022,main,NA,NA,Fire alarm.,,TX52585,NA
KB04.C.D8,3,67,F7,KB04.C.D8,KB04xCxD8xP3,N707,CTCTCTAC,S520,AAGGCTAT,0,24.7,,repeat,NA,NA,,repeat,TX52587,NA
KB04.C.D8,2,46,D10,KB04.C.D8,KB04xCxD8xP2,N727,CGATCAGT,S517,GCGTAAGA,125,32.2,29/09/2022,main,NA,NA,,,TX52587,NA
KB04.D.D8,2,8,A8,KB04.D.D8,KB04xDxD8xP2,N724,ACTGAGCG,S513,TCGACTAG,0.487,33.4,28/09/2022,main,NA,NA,,,UNR,NA
KB10.A.D8,1,25,C1,KB10.A.D8,KB10xAxD8xP1,N701,TAAGGCGA,S505,GTAAGGAG,42.5,19.3,22/09/2022,main,NA,NA,Fire alarm went off so before CD3 step so samples sitting at CD2 step for 30-40 mins.,,TX52552,NA
KB10.B.D8,1,49,E1,KB10.B.D8,KB10xBxD8xP1,N701,TAAGGCGA,S507,AAGGAGTA,0.171,36.1,23/09/2022,main,NA,NA,,,TX52553,NA
KB10.C.D8,1,1,A1,KB10.C.D8,KB10xCxD8xP1,N701,TAAGGCGA,S502,CTCTCTAT,0.121,39,21/09/2022,main,NA,NA,,,TX52554,NA
KB10.C.D8,2,88,H4,KB10.C.D8,KB10xCxD8xP2,N720,CGGAGCCT,S522,TTATGCGA,0.232,20.3,,repeat,NA,NA,,"PLATE 1 repeat, failed index PCR",TX52554,NA
KB10.D.D8,2,4,A4,KB10.D.D8,KB10xDxD8xP2,N720,CGGAGCCT,S513,TCGACTAG,14.6,36.3,28/09/2022,main,NA,NA,,,TX52555,NA
KB10.E.D8,3,28,C4,KB10.E.D8,KB10xExD8xP3,N704,TCCTGAGC,S516,CCTAGAGT,2.39,,05/10/2022,lab_error,NA,NA,,No sample present when pooling. Possibly added to well B4 or D4 by mistake. Discard this.,TX52592,NA
KB10.E.D15,2,92,H8,KB10.F,KB10xFxP2,N724,ACTGAGCG,S522,TTATGCGA,0.092,7,,repeat,NA,NA,,"PLATE 1 repeat, failed initial PCR amplification",,KB20.Fe sample was mislabelled as 'CB20.fe' on tube
KB10.E.D15,1,52,E4,KB10.F,KB10xFxP1,N704,TCCTGAGC,S507,AAGGAGTA,0.073,7.03,23/09/2022,main,NA,NA,this tube was labelled kb10.f but did this double check there was a f bird in this nest,,,KB20.Fe sample was mislabelled as 'CB20.fe' on tube
KB10.M,1,85,H1,KB10.M,KB10xMxP1,N701,TAAGGCGA,S511,TCTCTCCG,0.153,6.65,27/09/2022,main,NA,NA,,,NZ05874,NA
KB10.M,2,94,H10,KB10.M,KB10xMxP2,N727,CGATCAGT,S522,TTATGCGA,0.097,16.7,,repeat,NA,NA,,"PLATE 1 repeat, failed initial PCR amplification",NZ05874,NA
KB15.A.D15,2,24,B12,KB15.A.D15,KB15xAxD15xP2,N729,TCGACGTC,S515,TTCTAGCT,57,31.7,28/09/2022,main,NA,NA,,,PF91010,NA
KB15.A.D8,1,40,D4,KB15.A.D8,KB15xAxD8xP1,N704,TCCTGAGC,S506,ACTGCATA,9.23,27.3,22/09/2022,main,NA,NA,Fire alarm.,,,NA
KB15.B.D15,3,51,E3,KB15.B.D15,KB15xBxD15xP3,N703,AGGCAGAA,S518,CTATTAAG,15.3,26.7,05/10/2022,main,NA,NA,,,TX52556,NA
KB15.B.D8,1,55,E7,KB15.B.D8,KB15xBxD8xP1,N707,CTCTCTAC,S507,AAGGAGTA,8.52,27.7,23/09/2022,main,NA,NA,,,TX52556,NA
KB15.C.D8,2,43,D7,KB15.C.D8,KB15xCxD8xP2,N723,TAGCGCTC,S517,GCGTAAGA,23,32.7,29/09/2022,main,NA,NA,,,TX52557,NA
KB15.D.D15,1,77,G5,KB15.D.D15,KB15xDxD15xP1,N705,GGACTCCT,S510,CGTCTAAT,22,30.4,27/09/2022,main,NA,NA,,,TX52558,NA
KB15.D.D8,1,73,G1,KB15.D.D8,KB15xDxD8xP1,N701,TAAGGCGA,S510,CGTCTAAT,0.186,21.3,27/09/2022,main,NA,NA,,,TX52558,NA
KB15.E.D15,2,29,C5,KB15.E.D15,KB15xExD15xP2,N721,TACGCTGC,S516,CCTAGAGT,30.9,34.7,29/09/2022,main,NA,NA,,,TX52559,NA
KB15.E.D8,1,70,F10,KB15.E.D8,KB15xExD8xP1,N712,GTAGAGGA,S508,CTAAGCCT,41.5,28.3,23/09/2022,main,NA,NA,,,TX52559,NA
KB15.F.D15,1,22,B10,KB15.F.D15,KB15xFxD15xP1,N712,GTAGAGGA,S503,TATCCTCT,60,37.4,21/09/2022,lab_error_possible,NA,NA,Possibly added this DNA to tube 23 i.e. In1.A.D15,,TX52560,NA
KB15.F.D8,3,71,F11,KB15.F.D8,KB15xFxD8xP3,N714,GCTCATGA,S520,AAGGCTAT,0,18.6,,repeat,NA,NA,,repeat,TX52560,NA
KB15.F.D8,2,55,E7,KB15.F.D8,KB15xFxD8xP2,N723,TAGCGCTC,S518,CTATTAAG,0,11.5,30/09/2022,main,NA,NA,small sample,,TX52560,NA
KB15.M,1,4,A4,KB15.M,KB15xMxP1,N704,TCCTGAGC,S502,CTCTCTAT,0.171,29.2,21/09/2022,main,NA,NA,,,TW15318,NA
KB151.A.D15,3,4,A4,KB151.A.D15,KB151xAxD15xP3,N704,TCCTGAGC,S513,TCGACTAG,4.75,25.7,04/10/2022,main,NA,NA,,,PF91053,NA
KB151.A.D8,1,44,D8,KB151.A.D8,KB151xAxD8xP1,N710,CGAGGCTG,S506,ACTGCATA,13.7,32.6,22/09/2022,main,NA,NA,Fire alarm.,,PF91053,NA
KB151.B.D15,2,6,A6,KB151.B.D15,KB151xBxD15xP2,N722,ATGCGCAG,S513,TCGACTAG,31.4,29.1,28/09/2022,main,NA,NA,,,PF91054,NA
KB151.B.D8,1,92,H8,KB151.B.D8,KB151xBxD8xP1,N710,CGAGGCTG,S511,TCTCTCCG,3.29,28.2,27/09/2022,main,NA,NA,,,PF91054,NA
KB151.C.D15,2,16,B4,KB151.C.D15,KB151xCxD15xP2,N720,CGGAGCCT,S515,TTCTAGCT,12.3,29.3,28/09/2022,main,NA,NA,,,PF91055,NA
KB151.C.D8,2,41,D5,KB151.C.D8,KB151xCxD8xP2,N721,TACGCTGC,S517,GCGTAAGA,4.78,29.1,29/09/2022,main,NA,NA,,,PF91055,NA
KB151.D.D15,1,84,G12,KB151.D.D15,KB151xDxD15xP1,N715,ATCTCAGG,S510,CGTCTAAT,1.68,32.1,27/09/2022,main,NA,NA,,,PF91056,NA
KB151.D.D8,3,21,B9,KB151.D.D8,KB151xDxD8xP3,N711,AAGAGGCA,S515,TTCTAGCT,0.241,24,04/10/2022,main,NA,NA,,,PF91056,NA
KB151.D.D8.alt,1,14,B2,KB151.D.D8.alt,KB151xDxD8xaltxP1,N702,CGTACTAG,S503,TATCCTCT,10.3,36.1,21/09/2022,main,NA,NA,,,PF91056,NA
KB151.M,3,43,D7,KB151.M,KB151xMxP3,N707,CTCTCTAC,S517,GCGTAAGA,0,2.48,05/10/2022,main,NA,NA,,,PF91067,NA
KB158.A.D15,2,75,G3,KB158.A.D15,KB158xAxD15xP2,N719,GCGTAGTA,S521,GAGCCTTA,1.32,21.8,30/09/2022,main,NA,NA,,,TX52579,NA
KB158.A.D8,1,7,A7,KB158.A.D8,KB158xAxD8xP1,N707,CTCTCTAC,S502,CTCTCTAT,4.77,32.8,21/09/2022,main,NA,NA,,,TX52579,NA
KB158.Fe,2,64,F4,KB158.Fe,KB158xFexP2,N720,CGGAGCCT,S520,AAGGCTAT,0,34,30/09/2022,main,NA,NA,small sample,,TX52596,NA
KB20.A.D15,2,26,C2,KB20.A.D15,KB20xAxD15xP2,N718,GGAGCTAC,S516,CCTAGAGT,3.41,29.8,28/09/2022,main,NA,NA,,,TX52588,NA
KB20.A.D8,1,19,B7,KB20.A.D8,KB20xAxD8xP1,N707,CTCTCTAC,S503,TATCCTCT,0.354,24.5,21/09/2022,main,NA,NA,,,TX52588,NA
KB20.B.D15,2,38,D2,KB20.B.D15,KB20xBxD15xP2,N718,GGAGCTAC,S517,GCGTAAGA,0.119,29.9,29/09/2022,main,NA,NA,,,TX52589,NA
KB20.B.D8,2,58,E10,KB20.B.D8,KB20xBxD8xP2,N727,CGATCAGT,S518,CTATTAAG,9.83,28.1,30/09/2022,main,NA,NA,,,TX52589,NA
KB20.C.D15,1,41,D5,KB20.C.D15,KB20xCxD15xP1,N705,GGACTCCT,S506,ACTGCATA,0.276,23,22/09/2022,main,NA,NA,Fire alarm.,,TX52590,NA
KB20.C.D8,1,58,E10,KB20.C.D8,KB20xCxD8xP1,N712,GTAGAGGA,S507,AAGGAGTA,0.34,31,23/09/2022,main,NA,NA,,,TX52590,NA
KB20.D.D15,2,71,F11,KB20.D.D15,KB20xDxD15xP2,N728,TGCAGCTA,S520,AAGGCTAT,6.33,27.3,30/09/2022,main,NA,NA,,,TX52591,NA
KB20.D.D8,3,31,C7,KB20.D.D8,KB20xDxD8xP3,N707,CTCTCTAC,S516,CCTAGAGT,0.168,21.5,05/10/2022,main,NA,NA,,,TX52591,NA
KB22.A.D15,3,53,E5,KB22.A.D15,KB22xAxD15xP3,N705,GGACTCCT,S518,CTATTAAG,0.074,28.4,05/10/2022,main,NA,NA,,,TX52580,NA
KB22.A.D8,2,31,C7,KB22.A.D8,KB22xAxD8xP2,N723,TAGCGCTC,S516,CCTAGAGT,0.117,30.2,29/09/2022,main,NA,NA,,,TX52580,NA
KB22.B.D15,2,83,G11,KB22.A.D15,KB22xAxD15xP2,N728,TGCAGCTA,S521,GAGCCTTA,1.64,18.7,04/10/2022,main,NA,NA,,,TX52581,NA
KB22.B.D8,1,16,B4,KB22.B.D8,KB22xBxD8xP1,N704,TCCTGAGC,S503,TATCCTCT,0.694,28.1,21/09/2022,main,NA,NA,,,TX52581,NA
KB22.C.D15,1,86,H2,KB22.C.D15,KB22xCxD15xP1,N702,CGTACTAG,S511,TCTCTCCG,0.122,29.4,27/09/2022,main,NA,NA,,,TX52582,NA
KB22.C.D8,3,79,G7,KB22.C.D8,KB22xCxD8xP3,N707,CTCTCTAC,S521,GAGCCTTA,0,11.5,,repeat,NA,NA,,"repeat, changed from blank to kb22.c.d8",TX52582,NA
KB22.C.D8,3,65,F5,KB22.C.D8.error,KB22xCxD8xerrorxP3,N705,GGACTCCT,S520,AAGGCTAT,0,3.47,,common,NA,NA,,"common, changed from KB22.C.D8 to CB62.b.d15 but possibly fucked up. Discard this.",TX52582,NA
KB22.C.D8,2,34,C10,KB22.C.D8,KB22xCxD8xP2,N727,CGATCAGT,S516,CCTAGAGT,0.106,1.13,29/09/2022,main,NA,NA,,,TX52582,NA
KB22.D.D15,3,9,A9,KB22.D.D15,KB22xDxD15xP3,N711,AAGAGGCA,S513,TCGACTAG,11.3,21.9,04/10/2022,main,NA,NA,,,TX52583,NA
KB22.E.D15,1,62,F2,KB22.E.D15,KB22xExD15xP1,N702,CGTACTAG,S508,CTAAGCCT,7.89,28.2,23/09/2022,main,NA,NA,,,PF91018,NA
KB22.E.D8,2,23,B11,KB22.E.D8,KB22xExD8xP2,N728,TGCAGCTA,S515,TTCTAGCT,7.95,28.6,28/09/2022,main,NA,NA,,,PF91018,NA
KB22.Fe,1,61,F1,KB22.Fe,KB22xFexP1,N701,TAAGGCGA,S508,CTAAGCCT,0.102,19.2,23/09/2022,main,NA,NA,,,TX52595,NA
KB25.A.D15,1,3,A3,KB25.A.D15,KB25xAxD15xP1,N703,AGGCAGAA,S502,CTCTCTAT,0.911,26.1,21/09/2022,main,NA,NA,,,PF91015,NA
KB25.A.D8,1,8,A8,KB25.A.D8,KB25xAxD8xP1,N710,CGAGGCTG,S502,CTCTCTAT,1.1,29.4,21/09/2022,main,NA,NA,,,PF91015,NA
KB25.B.D15,1,51,E3,KB25.B.D15,KB25xBxD15xP1,N703,AGGCAGAA,S507,AAGGAGTA,0.205,32.1,23/09/2022,main,NA,NA,,,PF91016,NA
KB25.B.D8,1,59,E11,KB25.B.D8,KB25xBxD8xP1,N714,GCTCATGA,S507,AAGGAGTA,0.944,25.9,23/09/2022,main,NA,NA,,,PF91016,NA
KB25.C.D15,2,13,B1,KB25.C.D15,KB25xCxD15xP2,N716,ACTCGCTA,S515,TTCTAGCT,0,20.9,28/09/2022,main,NA,NA,,,PF91017,NA
KB25.C.D8,3,29,C5,KB25.C.D8,KB25xCxD8xP3,N705,GGACTCCT,S516,CCTAGAGT,2.58,26,05/10/2022,main,NA,NA,,,PF91017,NA
KB25.D.D15,3,27,C3,KB25.D.D15,KB25xDxD15xP3,N703,AGGCAGAA,S516,CCTAGAGT,0.123,35,05/10/2022,main,NA,NA,,,PF91058,NA
KB25.Fe,2,73,G1,KB25.Fe,KB25xFexP2,N716,ACTCGCTA,S521,GAGCCTTA,1.44,17,30/09/2022,main,NA,NA,,,PF91062,NA
KB29.A.D15,2,9,A9,KB29.A.D15,KB29xAxD15xP2,N726,CCTAAGAC,S513,TCGACTAG,12.6,26.2,28/09/2022,main,NA,NA,,,TX52567,NA
KB29.A.D8,2,20,B8,KB29.A.D8,KB29xAxD8xP2,N724,ACTGAGCG,S515,TTCTAGCT,14,33.6,28/09/2022,main,NA,NA,,,TX52567,NA
KB29.B.D15,1,28,C4,KB29.B.D15,KB29xBxD15xP1,N704,TCCTGAGC,S505,GTAAGGAG,3.35,31.3,22/09/2022,main,NA,NA,Fire alarm.,,PF91011,NA
KB29.B.D8,3,63,F3,KB29.B.D8,KB29xBxD8xP3,N703,AGGCAGAA,S520,AAGGCTAT,0,24.5,,repeat,NA,NA,,repeat,PF91011,NA
KB29.B.D8,2,7,A7,KB29.B.D8,KB29xBxD8xP2,N723,TAGCGCTC,S513,TCGACTAG,3.68,2.06,28/09/2022,main,NA,NA,,,PF91011,NA
KB29.C.D15,2,74,G2,KB29.C.D15,KB29xCxD15xP2,N718,GGAGCTAC,S521,GAGCCTTA,19.2,22.2,30/09/2022,main,NA,NA,,,TX52568,NA
KB29.C.D8,1,2,A2,KB29.C.D8,KB29xCxD8xP1,N702,CGTACTAG,S502,CTCTCTAT,20.8,41.1,21/09/2022,main,NA,NA,,,TX52568,NA
KB29.D.D15,3,6,A6,KB29.D.D15,KB29xDxD15xP3,N706,TAGGCATG,S513,TCGACTAG,8.68,23.3,04/10/2022,main,NA,NA,,,TX52569,NA
KB29.Fe,2,82,G10,KB29.Fe,KB29xFexP2,N727,CGATCAGT,S521,GAGCCTTA,0,21.4,04/10/2022,main,NA,NA,,,TW15303,NA
KB29.M.1,3,64,F4,KB29.M.1,KB29xMx1xP3,N704,TCCTGAGC,S520,AAGGCTAT,0,12.3,,repeat,NA,NA,,repeat,TX52594,NA
KB29.M.1,2,11,A11,KB29.M.1,KB29xMx1xP2,N728,TGCAGCTA,S513,TCGACTAG,0.062,6.17,28/09/2022,contam,NA,NA,"CONTAM, FELL ON PANTS",,TX52594,NA
KB29.M.2,3,75,G3,KB29.M.2,KB29xMx2xP3,N703,AGGCAGAA,S521,GAGCCTTA,0,5.08,,repeat,NA,NA,,repeat,TX52594,NA
KB29.M.2,2,70,F10,KB29.M.2,KB29xMx2xP2,N727,CGATCAGT,S520,AAGGCTAT,0.07,6.74,30/09/2022,main,NA,NA,,,TX52594,NA
KB908.A.D15,1,5,A5,KB908.A.D15,KB908xAxD15xP1,N705,GGACTCCT,S502,CTCTCTAT,7.52,27.3,21/09/2022,main,NA,NA,,,TX52561,NA
KB908.A.D8,1,31,C7,KB908.A.D8,KB908xAxD8xP1,N707,CTCTCTAC,S505,GTAAGGAG,25,15.4,22/09/2022,main,NA,NA,Fire alarm.,,TX52561,NA
KB908.B.D15,1,53,E5,KB908.B.D15,KB908xBxD15xP1,N705,GGACTCCT,S507,AAGGAGTA,40.7,26.7,23/09/2022,contam,NA,NA,contam,,TX52562,NA
KB908.B.D8,1,13,B1,KB908.B.D8.1,KB908xBxD8x1xP1,N701,TAAGGCGA,S503,TATCCTCT,2.52,31.2,21/09/2022,main,NA,NA,,Non-contaminated version,TX52562,NA
KB908.B.D8,1,26,C2,KB908.B.D8.2,KB908xBxD8x2xP1,N702,CGTACTAG,S505,GTAAGGAG,1.87,33,22/09/2022,contam,NA,NA,Fire alarm. Contaminated in the field-fell on hand. Have uncontaminated sample. Discard this.,,TX52562,NA
KB908.C.D15,3,11,A11,KB908.C.D15,KB908xCxD15xP3,N714,GCTCATGA,S513,TCGACTAG,86.8,24.6,04/10/2022,main,NA,NA,,,TX52563,NA
KB908.C.D8,3,25,C1,KB908.C.D8,KB908xCxD8xP3,N701,TAAGGCGA,S516,CCTAGAGT,16.1,23.4,05/10/2022,main,NA,NA,,,TX52563,NA
KB908.D.D15,2,32,C8,KB908.D.D15,KB908xDxD15xP2,N724,ACTGAGCG,S516,CCTAGAGT,2.41,32.9,29/09/2022,main,NA,NA,,,TX52564,NA
KB908.D.D8,1,67,F7,KB908.D.D8,KB908xDxD8xP1,N707,CTCTCTAC,S508,CTAAGCCT,16.7,35.2,23/09/2022,main,NA,NA,,,TX52564,NA
KB908.E.D15,3,50,E2,KB908.E.D15,KB908xExD15xP3,N702,CGTACTAG,S518,CTATTAAG,6.55,27,05/10/2022,main,NA,NA,,,TX52565,NA
KB908.F.D15,3,46,D10,KB908.F.D15,KB908xFxD15xP3,N712,GTAGAGGA,S517,GCGTAAGA,46.3,25.8,05/10/2022,main,NA,NA,,,TX52566,NA
KB908.Fe,1,64,F4,KB908.Fe,KB908xFexP1,N704,TCCTGAGC,S508,CTAAGCCT,7.77,33.2,23/09/2022,main,NA,NA,,,S873503,NA
KB910.A.D8,3,19,B7,KB910.A.D8,KB910xAxD8xP3,N707,CTCTCTAC,S515,TTCTAGCT,29.3,21.9,04/10/2022,main,NA,NA,,,UNR,NA
KB910.B.D8,2,65,F5,KB910.B.D8,KB910xBxD8xP2,N721,TACGCTGC,S520,AAGGCTAT,15.6,33.4,30/09/2022,main,NA,NA,,,TX52597,NA
KB910.C.D8,2,93,H9,KB910.C.D8,KB910xCxD8xP2,N726,CCTAAGAC,S522,TTATGCGA,0.064,4.4,,repeat,NA,NA,,"PLATE 1 repeat, failed initial PCR amplification",TX52598,NA
KB910.C.D8,1,74,G2,KB910.C.D8,KB910xCxD8xP1,N702,CGTACTAG,S510,CGTCTAAT,0.116,4.14,27/09/2022,main,NA,NA,,,TX52598,NA
KB910.D.D8,1,29,C5,KB910.D.D8,KB910xDxD8xP1,N705,GGACTCCT,S505,GTAAGGAG,16.1,15.5,22/09/2022,main,NA,NA,Fire alarm.,,TX52599,NA
KB910.E.D8,1,10,A10,KB910.E.D8,KB910xExD8xP1,N712,GTAGAGGA,S502,CTCTCTAT,41.4,42.3,21/09/2022,main,NA,NA,,,TX52600,NA
KB910.E.D8,2,84,G12,KB910.E.D8,KB910xExD8xP2,N729,TCGACGTC,S521,GAGCCTTA,27.8,21,21/09/2022,common,NA,NA,,common,TX52600,NA
KB910.E.D8,3,58,E10,KB910.E.D8,KB910xExD8xP3,N712,GTAGAGGA,S518,CTATTAAG,27.7,26.4,21/09/2022,common,NA,NA,,common,TX52600,NA
KB910.F.D8,2,5,A5,KB910.F.D8,KB910xFxD8xP2,N721,TACGCTGC,S513,TCGACTAG,0.09,23.5,28/09/2022,main,NA,NA,,,PF91001,NA
KB910.Fe,3,32,C8,KB910.Fe,KB910xFexP3,N710,CGAGGCTG,S516,CCTAGAGT,0.979,27.3,05/10/2022,main,NA,NA,,,TW15317,NA
KB916.A.D15,2,49,E1,KB916.A.D15,KB916xAxD15xP2,N716,ACTCGCTA,S518,CTATTAAG,5.26,35.1,29/09/2022,main,NA,NA,,,TX52593,NA
KB916.A.D8,1,43,D7,KB916.A.D8,KB916xAxD8xP1,N707,CTCTCTAC,S506,ACTGCATA,4.47,0.119,22/09/2022,main,NA,NA,Fire alarm.,,TX52593,NA
KB916.A.D8,2,91,H7,KB916.A.D8,KB916xAxD8xP2,N723,TAGCGCTC,S522,TTATGCGA,4.03,15,,repeat,NA,NA,,"PLATE 1 repeat, failed initial PCR amplification",TX52593,NA
KB916.Fe,2,18,B6,KB916.Fe,KB916xFexP2,N722,ATGCGCAG,S515,TTCTAGCT,0,22.9,28/09/2022,main,NA,NA,,,TW15053,NA
libPrepErrorBlank,3,62,F2,IN1.Fe,IN1xFexP3,N702,CGTACTAG,S520,AAGGCTAT,0,1.72,,lab_error,NA,NA,,was supposed to be repeat IN1.Fe but tube wasn’t in box so I skipped this,NA,NA
MW.W/ETHANOL,3,39,D3,MW.ETHANOL,MWxETHANOLxP3,N703,AGGCAGAA,S517,GCGTAAGA,81.4,22.3,05/10/2022,mealworm,NA,NA,"mealworms preserved in ethanol, dried in drier",,MW.W/ETHANOL,NA
MW.w/ethanol.nodrier,3,41,D5,MW.ethanol.nodrier,MWxethanolxnodrierxP3,N705,GGACTCCT,S517,GCGTAAGA,61.3,22.7,05/10/2022,mealworm,NA,NA,"mealworms preserved in ethanol, pipetted off ethanol and didn’t dry in drier",,MW.w/ethanol.nodrier,NA
MW.w/o.ethanol,2,60,E12,MW.no.ethanol,MWxnoxethanolxP2,N729,TCGACGTC,S518,CTATTAAG,382,26.3,30/09/2022,mealworm,NA,NA,Mealworms frozen without ethanol. Placed in mivac drier anyway.,,MW.w/o.ethanol,NA
PCR BLANK,2,96,H12,PCR.BLANK,PCRxBLANKxP2,N729,TCGACGTC,S522,TTATGCGA,,1.3,,control,NA,NA,,,NA,NA
POWERBEAD.CONTROL.DRIER,3,57,E9,POWERBEAD.CONTROL.DRIER,POWERBEADxCONTROLxDRIERxP3,N711,AAGAGGCA,S518,CTATTAAG,0,5.9,05/10/2022,control,NA,NA,open powerbead tube in drier,,POWERBEAD.CONTROL.DRIER,NA
POWERBEAD.CONTROL.DRIER,2,95,H11,POWERBEAD.CONTROL.DRIER,POWERBEADxCONTROLxDRIERxP2,N728,TGCAGCTA,S522,TTATGCGA,0.239,2.2,04/10/2022,control,NA,NA,,,POWERBEAD.CONTROL.DRIER,NA
powerbead.control1,3,24,B12,powerbead.control1,powerbeadxcontrol1xP3,N715,ATCTCAGG,S515,TTCTAGCT,0,25.3,04/10/2022,control,NA,NA,put open powerbead tube in mivac with no liquid,,powerbead.control,NA
powerbead.control1,1,94,H10,powerbead.control1,powerbeadxcontrol1xP1,N712,GTAGAGGA,S511,TCTCTCCG,0.086,9.23,04/10/2022,control,NA,NA,,,powerbead.control,NA
powerbead.control1?,1,95,H11,powerbead.control1a,powerbeadxcontrol1axP1,N714,GCTCATGA,S511,TCTCTCCG,,14.4,04/10/2022,lab_error_possible,NA,NA,,This was supposed to be BLANK but I *think* I contaminated with powerbead control from previous well (according to lab notes),NA,NA
